-- phpMyAdmin SQL Dump
-- version home.pl
-- http://www.phpmyadmin.net
--
-- Host: localhost
-- Czas wygenerowania: 25 Lut 2014, 22:19
-- Wersja serwera: 5.5.35-log
-- Wersja PHP: 5.2.17

SET SQL_MODE="NO_AUTO_VALUE_ON_ZERO";
SET time_zone = "+00:00";


/*!40101 SET @OLD_CHARACTER_SET_CLIENT=@@CHARACTER_SET_CLIENT */;
/*!40101 SET @OLD_CHARACTER_SET_RESULTS=@@CHARACTER_SET_RESULTS */;
/*!40101 SET @OLD_COLLATION_CONNECTION=@@COLLATION_CONNECTION */;
/*!40101 SET NAMES utf8 */;

--
-- Baza danych: `12024219_ankiety`
--

-- --------------------------------------------------------

--
-- Struktura tabeli dla tabeli `login_log`
--

CREATE TABLE IF NOT EXISTS `login_log` (
  `id` int(11) NOT NULL AUTO_INCREMENT,
  `date` timestamp NOT NULL DEFAULT CURRENT_TIMESTAMP ON UPDATE CURRENT_TIMESTAMP,
  `email` varchar(255) NOT NULL,
  `status` int(11) NOT NULL,
  `host` text NOT NULL,
  `ip` varchar(255) NOT NULL,
  `date_logout` timestamp NOT NULL DEFAULT '0000-00-00 00:00:00',
  `date_blokade` timestamp NOT NULL DEFAULT '0000-00-00 00:00:00',
  `blockade_ip` tinyint(4) NOT NULL DEFAULT '0',
  PRIMARY KEY (`id`)
) ENGINE=InnoDB  DEFAULT CHARSET=utf8 AUTO_INCREMENT=186 ;

--
-- Zrzut danych tabeli `login_log`
--

INSERT INTO `login_log` (`id`, `date`, `email`, `status`, `host`, `ip`, `date_logout`, `date_blokade`, `blockade_ip`) VALUES
(1, '2013-12-08 17:03:45', 'mariusz24245@gmail.com', 1, '095160002098.lomza.vectranet.pl', '95.160.2.98', '0000-00-00 00:00:00', '0000-00-00 00:00:00', 0),
(2, '2013-12-09 07:55:19', 'piedziak.pawel@gmail.com', 0, 'dezerter-254.core.ynet.pl', '194.50.156.254', '0000-00-00 00:00:00', '0000-00-00 00:00:00', 0),
(3, '2013-12-09 07:55:49', 'piedziak.pawel@gmail.com', 1, 'dezerter-254.core.ynet.pl', '194.50.156.254', '0000-00-00 00:00:00', '0000-00-00 00:00:00', 0),
(4, '2013-12-11 21:57:22', 'mariusz24245@gmail.com', 1, '095160002098.lomza.vectranet.pl', '95.160.2.98', '2013-12-11 21:57:22', '0000-00-00 00:00:00', 0),
(5, '2013-12-19 16:44:44', 'mariusz24245@gmail.com', 1, '095160002098.lomza.vectranet.pl', '95.160.2.98', '2013-12-19 16:44:44', '0000-00-00 00:00:00', 0),
(6, '2013-12-28 08:10:39', 'mariusz24245@gmail.com', 1, 'pestilence-228.core.ynet.pl', '176.109.52.228', '0000-00-00 00:00:00', '0000-00-00 00:00:00', 0),
(7, '2014-01-03 13:26:52', 'mariusz24245@gmail.com', 1, 'DRA4', '127.0.0.1', '2014-01-03 13:26:52', '0000-00-00 00:00:00', 0),
(8, '2014-01-03 13:28:28', 'mariusz24245@gmail.com', 1, 'DRA4', '127.0.0.1', '2014-01-03 13:28:28', '0000-00-00 00:00:00', 0),
(9, '2014-01-03 14:08:08', 'mariusz24245@gmail.com', 1, 'DRA4', '127.0.0.1', '2014-01-03 14:08:08', '0000-00-00 00:00:00', 0),
(10, '2014-01-04 11:58:22', 'mariusz24245@gmail.com', 1, 'DRA4', '127.0.0.1', '2014-01-04 11:58:22', '0000-00-00 00:00:00', 0),
(11, '2014-01-08 19:40:43', 'mariusz24245@gmail.com', 1, 'DRA4', '127.0.0.1', '0000-00-00 00:00:00', '0000-00-00 00:00:00', 0),
(12, '2014-01-09 17:48:26', 'mariusz24245@gmail.com', 1, 'DRA4', '127.0.0.1', '2014-01-09 17:48:26', '0000-00-00 00:00:00', 0),
(13, '2014-01-09 17:48:35', 'mariusz24245@gmail.com', 0, 'DRA4', '127.0.0.1', '0000-00-00 00:00:00', '0000-00-00 00:00:00', 0),
(14, '2014-01-09 17:49:02', 'mariusz24245@gmail.com', 0, 'DRA4', '127.0.0.1', '0000-00-00 00:00:00', '0000-00-00 00:00:00', 0),
(15, '2014-01-09 22:26:23', 'mariusz24245@gmail.com', 1, 'DRA4', '127.0.0.1', '2014-01-09 22:26:23', '0000-00-00 00:00:00', 0),
(16, '2014-01-10 10:35:32', 'mariusz24245@gmail.com', 1, 'dezerter-254.core.ynet.pl', '194.50.156.254', '0000-00-00 00:00:00', '0000-00-00 00:00:00', 0),
(17, '2014-01-10 12:42:54', 'mariusz24245@gmail.com', 1, '194.50.156.254', '194.50.156.254', '2014-01-10 12:42:54', '0000-00-00 00:00:00', 0),
(18, '2014-01-10 15:04:12', 'mariusz24245@gmail.com', 1, '194.50.156.254', '194.50.156.254', '0000-00-00 00:00:00', '0000-00-00 00:00:00', 0),
(19, '2014-01-12 09:11:54', 'mariusz24245@gmail.com', 1, '095160002098.lomza.vectranet.pl', '95.160.2.98', '2014-01-12 09:11:54', '0000-00-00 00:00:00', 0),
(20, '2014-01-12 09:12:00', 'mariusz24245@gmail.com', 0, '095160002098.lomza.vectranet.pl', '95.160.2.98', '0000-00-00 00:00:00', '0000-00-00 00:00:00', 0),
(21, '2014-01-12 09:16:36', 'mariusz24245@gmail.com', 0, '095160002098.lomza.vectranet.pl', '95.160.2.98', '0000-00-00 00:00:00', '0000-00-00 00:00:00', 0),
(22, '2014-01-12 09:16:55', 'mariusz24245@gmail.com', 0, '095160002098.lomza.vectranet.pl', '95.160.2.98', '0000-00-00 00:00:00', '0000-00-00 00:00:00', 0),
(23, '2014-01-12 09:19:19', 'mariusz2424522@gmail.com', 0, '095160002098.lomza.vectranet.pl', '95.160.2.98', '0000-00-00 00:00:00', '0000-00-00 00:00:00', 0),
(24, '2014-01-12 09:19:31', 'mariusz2424522@gmail.com', 0, '095160002098.lomza.vectranet.pl', '95.160.2.98', '0000-00-00 00:00:00', '0000-00-00 00:00:00', 0),
(25, '2014-01-12 09:20:27', 'mariusz2424522@gmail.com', 1, '095160002098.lomza.vectranet.pl', '95.160.2.98', '2014-01-12 09:20:27', '0000-00-00 00:00:00', 0),
(26, '2014-01-12 10:57:55', 'mariusz24245@gmail.com', 1, '095160002098.lomza.vectranet.pl', '95.160.2.98', '2014-01-12 10:57:55', '0000-00-00 00:00:00', 0),
(27, '2014-01-12 11:07:11', 'test', 1, '095160002098.lomza.vectranet.pl', '95.160.2.98', '2014-01-12 11:07:11', '0000-00-00 00:00:00', 0),
(28, '2014-01-12 11:24:45', 'test', 1, 'apn-31-1-225-193.dynamic.gprs.plus.pl', '31.1.225.193', '0000-00-00 00:00:00', '0000-00-00 00:00:00', 0),
(29, '2014-01-12 16:47:02', 'mariusz24245@gmail.com', 0, '095160002098.lomza.vectranet.pl', '95.160.2.98', '0000-00-00 00:00:00', '0000-00-00 00:00:00', 0),
(30, '2014-01-12 16:47:13', 'mariusz24245@gmail.com', 0, '095160002098.lomza.vectranet.pl', '95.160.2.98', '0000-00-00 00:00:00', '0000-00-00 00:00:00', 0),
(31, '2014-01-12 21:15:11', 'mariusz24245@gmail.com', 0, 'aayy41.neoplus.adsl.tpnet.pl', '83.6.136.41', '0000-00-00 00:00:00', '0000-00-00 00:00:00', 0),
(32, '2014-01-12 21:15:18', 'mariusz24245@gmail.com', 0, 'aayy41.neoplus.adsl.tpnet.pl', '83.6.136.41', '0000-00-00 00:00:00', '0000-00-00 00:00:00', 0),
(33, '2014-01-12 21:15:30', 'mariusz24245@gmail.com', 0, 'aayy41.neoplus.adsl.tpnet.pl', '83.6.136.41', '0000-00-00 00:00:00', '0000-00-00 00:00:00', 0),
(34, '2014-01-12 21:15:41', 'mariusz24245@gmail.com', 0, 'aayy41.neoplus.adsl.tpnet.pl', '83.6.136.41', '0000-00-00 00:00:00', '0000-00-00 00:00:00', 0),
(35, '2014-01-12 21:15:49', 'mariusz24245@gmail.com', 0, 'aayy41.neoplus.adsl.tpnet.pl', '83.6.136.41', '0000-00-00 00:00:00', '0000-00-00 00:00:00', 0),
(36, '2014-01-12 21:41:19', 'pawel', 1, 'localhost', '127.0.0.1', '0000-00-00 00:00:00', '0000-00-00 00:00:00', 0),
(37, '2014-01-13 18:38:03', 'pawel', 1, 'localhost', '127.0.0.1', '0000-00-00 00:00:00', '0000-00-00 00:00:00', 0),
(38, '2014-01-13 18:44:24', 'pawel', 1, 'dmz236.neoplus.adsl.tpnet.pl', '83.24.81.236', '0000-00-00 00:00:00', '0000-00-00 00:00:00', 0),
(39, '2014-01-13 21:02:51', 'pawel', 0, 'localhost', '127.0.0.1', '0000-00-00 00:00:00', '0000-00-00 00:00:00', 0),
(40, '2014-01-13 21:05:41', 'pawel', 0, 'localhost', '127.0.0.1', '0000-00-00 00:00:00', '0000-00-00 00:00:00', 0),
(41, '2014-01-13 21:06:02', 'pawel', 0, 'localhost', '127.0.0.1', '0000-00-00 00:00:00', '0000-00-00 00:00:00', 0),
(42, '2014-01-13 21:06:10', 'pawel', 1, 'localhost', '127.0.0.1', '0000-00-00 00:00:00', '0000-00-00 00:00:00', 0),
(43, '2014-01-14 05:04:18', 'pawel', 0, 'localhost', '127.0.0.1', '0000-00-00 00:00:00', '0000-00-00 00:00:00', 0),
(44, '2014-01-14 05:04:26', 'pawel', 1, 'localhost', '127.0.0.1', '0000-00-00 00:00:00', '0000-00-00 00:00:00', 0),
(45, '2014-01-14 05:05:25', 'pawel', 1, 'dmz236.neoplus.adsl.tpnet.pl', '83.24.81.236', '0000-00-00 00:00:00', '0000-00-00 00:00:00', 0),
(46, '2014-01-14 07:31:35', 'mariusz24245@gmail.com', 0, '194.50.156.254', '194.50.156.254', '0000-00-00 00:00:00', '0000-00-00 00:00:00', 0),
(47, '2014-01-14 07:31:41', 'mariusz24245@gmail.com', 0, '194.50.156.254', '194.50.156.254', '0000-00-00 00:00:00', '0000-00-00 00:00:00', 0),
(48, '2014-01-14 07:31:52', 'mariusz24245@gmail.com', 0, '194.50.156.254', '194.50.156.254', '0000-00-00 00:00:00', '0000-00-00 00:00:00', 0),
(49, '2014-01-14 07:35:47', 'pawel', 1, '194.50.156.254', '194.50.156.254', '2014-01-14 07:35:47', '0000-00-00 00:00:00', 0),
(50, '2014-01-15 04:17:59', 'pawel', 1, 'localhost', '127.0.0.1', '0000-00-00 00:00:00', '0000-00-00 00:00:00', 0),
(51, '2014-01-15 04:19:12', 'pawel', 1, 'aayp173.neoplus.adsl.tpnet.pl', '83.6.127.173', '0000-00-00 00:00:00', '0000-00-00 00:00:00', 0),
(52, '2014-01-15 08:17:01', 'mariusz24245@gmail.com', 0, 'dezerter-254.core.ynet.pl', '194.50.156.254', '0000-00-00 00:00:00', '0000-00-00 00:00:00', 0),
(53, '2014-01-15 08:17:21', 'test', 0, '194.50.156.254', '194.50.156.254', '0000-00-00 00:00:00', '0000-00-00 00:00:00', 0),
(54, '2014-01-15 08:44:41', 'test', 1, '194.50.156.254', '194.50.156.254', '2014-01-15 08:44:41', '0000-00-00 00:00:00', 0),
(55, '2014-01-15 16:10:58', 'pawel', 1, 'aazd46.neoplus.adsl.tpnet.pl', '83.6.141.46', '0000-00-00 00:00:00', '0000-00-00 00:00:00', 0),
(56, '2014-01-17 16:35:51', 'test', 1, 'apn-46-169-46-4.dynamic.gprs.plus.pl', '46.169.46.4', '0000-00-00 00:00:00', '0000-00-00 00:00:00', 0),
(57, '2014-01-17 19:40:43', 'test', 1, 'apn-77-114-118-86.dynamic.gprs.plus.pl', '77.114.118.86', '0000-00-00 00:00:00', '0000-00-00 00:00:00', 0),
(58, '2014-01-17 19:57:12', 'test', 1, '095160002098.lomza.vectranet.pl', '95.160.2.98', '2014-01-17 19:57:12', '0000-00-00 00:00:00', 0),
(59, '2014-01-17 19:51:16', 'pawel', 1, 'aayo117.neoplus.adsl.tpnet.pl', '83.6.126.117', '0000-00-00 00:00:00', '0000-00-00 00:00:00', 0),
(60, '2014-01-17 19:58:03', 'krzysiek@barlett.pl', 1, 'apn-77-114-118-86.dynamic.gprs.plus.pl', '77.114.118.86', '0000-00-00 00:00:00', '0000-00-00 00:00:00', 0),
(61, '2014-01-17 20:11:34', 'ppiedziak', 0, 'localhost', '127.0.0.1', '0000-00-00 00:00:00', '0000-00-00 00:00:00', 0),
(62, '2014-01-17 20:11:45', 'pawel', 1, 'localhost', '127.0.0.1', '0000-00-00 00:00:00', '0000-00-00 00:00:00', 0),
(63, '2014-01-17 20:11:47', 'mariusz24245@gmail.com', 0, 'DRA4', '127.0.0.1', '0000-00-00 00:00:00', '0000-00-00 00:00:00', 0),
(64, '2014-01-17 20:11:54', 'test', 1, 'DRA4', '127.0.0.1', '0000-00-00 00:00:00', '0000-00-00 00:00:00', 0),
(65, '2014-01-19 10:38:51', 'test', 1, 'DRA4', '127.0.0.1', '2014-01-19 10:38:51', '0000-00-00 00:00:00', 0),
(66, '2014-01-19 10:39:03', 'test@gmail.com', 1, 'DRA4', '127.0.0.1', '0000-00-00 00:00:00', '0000-00-00 00:00:00', 0),
(67, '2014-01-19 15:14:23', 'mariusz24245@gmail.com', 0, '095160002098.lomza.vectranet.pl', '95.160.2.98', '0000-00-00 00:00:00', '0000-00-00 00:00:00', 0),
(68, '2014-01-19 15:14:48', 'test', 1, '095160002098.lomza.vectranet.pl', '95.160.2.98', '0000-00-00 00:00:00', '0000-00-00 00:00:00', 0),
(69, '2014-01-20 12:46:21', 'pawel', 0, 'dezerter-254.core.ynet.pl', '194.50.156.254', '0000-00-00 00:00:00', '0000-00-00 00:00:00', 0),
(70, '2014-01-20 12:46:28', 'pawel', 0, 'dezerter-254.core.ynet.pl', '194.50.156.254', '0000-00-00 00:00:00', '0000-00-00 00:00:00', 0),
(71, '2014-01-20 15:07:03', 'test@gmail.com', 0, 'dezerter-254.core.ynet.pl', '194.50.156.254', '0000-00-00 00:00:00', '2014-01-20 15:07:03', 1),
(72, '2014-01-20 15:04:17', 'test@gmail.com', 0, 'dezerter-254.core.ynet.pl', '194.50.156.254', '0000-00-00 00:00:00', '0000-00-00 00:00:00', 0),
(73, '2014-01-20 15:04:22', 'test', 0, 'dezerter-254.core.ynet.pl', '194.50.156.254', '0000-00-00 00:00:00', '0000-00-00 00:00:00', 0),
(74, '2014-01-20 15:04:28', 'test@gmail.com', 0, 'dezerter-254.core.ynet.pl', '194.50.156.254', '0000-00-00 00:00:00', '0000-00-00 00:00:00', 0),
(75, '2014-01-20 15:04:32', 'test@gmail.com', 0, 'dezerter-254.core.ynet.pl', '194.50.156.254', '0000-00-00 00:00:00', '0000-00-00 00:00:00', 0),
(76, '2014-01-20 15:04:39', 'mariusz24245@gmail.com', 0, 'dezerter-254.core.ynet.pl', '194.50.156.254', '0000-00-00 00:00:00', '0000-00-00 00:00:00', 0),
(77, '2014-01-20 15:06:42', 'test@gmail.com', 0, 'dezerter-254.core.ynet.pl', '194.50.156.254', '0000-00-00 00:00:00', '0000-00-00 00:00:00', 0),
(78, '2014-01-20 22:03:59', 'pawel', 0, 'aayq253.neoplus.adsl.tpnet.pl', '83.6.128.253', '0000-00-00 00:00:00', '0000-00-00 00:00:00', 0),
(79, '2014-01-20 22:05:40', 'pawel', 1, 'aayq253.neoplus.adsl.tpnet.pl', '83.6.128.253', '0000-00-00 00:00:00', '0000-00-00 00:00:00', 0),
(80, '2014-01-21 07:52:14', 'test', 1, 'dezerter-254.core.ynet.pl', '194.50.156.254', '2014-01-21 07:52:14', '0000-00-00 00:00:00', 0),
(81, '2014-01-21 22:33:55', 'pawel', 1, 'localhost', '127.0.0.1', '0000-00-00 00:00:00', '0000-00-00 00:00:00', 0),
(82, '2014-01-22 11:52:16', 'test', 1, 'apn-5-60-148-117.dynamic.gprs.plus.pl', '5.60.148.117', '0000-00-00 00:00:00', '0000-00-00 00:00:00', 0),
(83, '2014-01-22 11:53:21', 'test', 1, 'dezerter-254.core.ynet.pl', '194.50.156.254', '0000-00-00 00:00:00', '0000-00-00 00:00:00', 0),
(84, '2014-01-22 12:01:27', 'pawel', 1, 'localhost', '127.0.0.1', '0000-00-00 00:00:00', '0000-00-00 00:00:00', 0),
(85, '2014-01-22 18:31:40', 'pawel', 1, 'localhost', '127.0.0.1', '2014-01-22 18:31:40', '0000-00-00 00:00:00', 0),
(86, '2014-01-22 19:42:38', 'test', 1, '095160002098.lomza.vectranet.pl', '95.160.2.98', '0000-00-00 00:00:00', '0000-00-00 00:00:00', 0),
(87, '2014-01-22 19:54:49', 'test', 1, 'DRA4', '127.0.0.1', '0000-00-00 00:00:00', '0000-00-00 00:00:00', 0),
(88, '2014-01-22 21:06:17', 'pawel', 1, 'aayr236.neoplus.adsl.tpnet.pl', '83.6.129.236', '0000-00-00 00:00:00', '0000-00-00 00:00:00', 0),
(89, '2014-01-22 21:16:05', 'pawel', 1, 'localhost', '127.0.0.1', '0000-00-00 00:00:00', '0000-00-00 00:00:00', 0),
(90, '2014-01-22 21:52:51', 'ppiedziak', 0, 'localhost', '127.0.0.1', '0000-00-00 00:00:00', '0000-00-00 00:00:00', 0),
(91, '2014-01-22 21:53:01', 'pawel', 1, 'localhost', '127.0.0.1', '0000-00-00 00:00:00', '0000-00-00 00:00:00', 0),
(92, '2014-01-22 22:03:57', 'pawel', 1, 'aayr236.neoplus.adsl.tpnet.pl', '83.6.129.236', '0000-00-00 00:00:00', '0000-00-00 00:00:00', 0),
(93, '2014-01-22 22:22:58', 'test', 1, '095160002098.lomza.vectranet.pl', '95.160.2.98', '0000-00-00 00:00:00', '0000-00-00 00:00:00', 0),
(94, '2014-01-23 08:31:03', 'test', 1, '5.174.38.118', '5.174.38.118', '0000-00-00 00:00:00', '0000-00-00 00:00:00', 0),
(95, '2014-01-23 09:34:21', 'pawel', 1, 'dezerter-254.core.ynet.pl', '194.50.156.254', '0000-00-00 00:00:00', '0000-00-00 00:00:00', 0),
(96, '2014-01-23 13:37:33', 'pawel', 1, 'dezerter-254.core.ynet.pl', '194.50.156.254', '0000-00-00 00:00:00', '0000-00-00 00:00:00', 0),
(97, '2014-01-23 15:00:42', 'test', 1, 'dezerter-254.core.ynet.pl', '194.50.156.254', '0000-00-00 00:00:00', '0000-00-00 00:00:00', 0),
(98, '2014-01-23 16:50:08', 'test', 1, '5.174.178.37', '5.174.178.37', '0000-00-00 00:00:00', '0000-00-00 00:00:00', 0),
(99, '2014-01-23 16:51:24', 'test', 1, '5.174.178.37', '5.174.178.37', '2014-01-23 16:51:24', '0000-00-00 00:00:00', 0),
(100, '2014-01-23 16:53:11', 'krzysiek@barlett.pl', 1, '5.174.178.37', '5.174.178.37', '2014-01-23 16:53:11', '0000-00-00 00:00:00', 0),
(101, '2014-01-23 16:53:19', 'test', 1, '5.174.178.37', '5.174.178.37', '0000-00-00 00:00:00', '0000-00-00 00:00:00', 0),
(102, '2014-01-23 17:01:13', 'zorbamsz@gmail.com', 0, '213.158.216.112.pat.umts.dynamic.t-mobile.pl', '213.158.216.112', '0000-00-00 00:00:00', '0000-00-00 00:00:00', 0),
(103, '2014-01-23 17:32:20', 'zorbamsz@gmail.com', 1, '213.158.216.112.pat.umts.dynamic.t-mobile.pl', '213.158.216.112', '2014-01-23 17:32:20', '0000-00-00 00:00:00', 0),
(104, '2014-01-23 17:24:04', 'z.sprycha@gmail.com', 1, '5.174.178.37', '5.174.178.37', '0000-00-00 00:00:00', '0000-00-00 00:00:00', 0),
(105, '2014-01-23 17:32:42', 'zorbamsz@gmail.com', 1, '213.158.216.112.pat.umts.dynamic.t-mobile.pl', '213.158.216.112', '0000-00-00 00:00:00', '0000-00-00 00:00:00', 0),
(106, '2014-01-23 19:47:13', 'test', 1, '095160002098.lomza.vectranet.pl', '95.160.2.98', '0000-00-00 00:00:00', '0000-00-00 00:00:00', 0),
(107, '2014-01-23 19:51:40', 'test', 1, '095160002098.lomza.vectranet.pl', '95.160.2.98', '0000-00-00 00:00:00', '0000-00-00 00:00:00', 0),
(108, '2014-01-23 19:59:45', 'test', 1, '5.174.178.37', '5.174.178.37', '0000-00-00 00:00:00', '0000-00-00 00:00:00', 0),
(109, '2014-01-24 12:16:11', 'test', 1, 'dezerter-254.core.ynet.pl', '194.50.156.254', '2014-01-24 12:16:11', '0000-00-00 00:00:00', 0),
(110, '2014-01-24 18:44:35', 'pawel', 1, 'localhost', '127.0.0.1', '0000-00-00 00:00:00', '0000-00-00 00:00:00', 0),
(111, '2014-01-24 18:49:46', 'test', 1, '095160002098.lomza.vectranet.pl', '95.160.2.98', '0000-00-00 00:00:00', '0000-00-00 00:00:00', 0),
(112, '2014-01-24 21:30:38', 'pawel', 1, 'aayx166.neoplus.adsl.tpnet.pl', '83.6.135.166', '0000-00-00 00:00:00', '0000-00-00 00:00:00', 0),
(113, '2014-01-25 11:19:42', 'test', 1, 'afas155.neoplus.adsl.tpnet.pl', '95.49.18.155', '0000-00-00 00:00:00', '0000-00-00 00:00:00', 0),
(114, '2014-01-25 11:23:33', 'mariusz24245@gmail.com', 0, 'afas155.neoplus.adsl.tpnet.pl', '95.49.18.155', '0000-00-00 00:00:00', '0000-00-00 00:00:00', 0),
(115, '2014-01-25 11:23:39', 'mariusz24245@gmail.com', 0, 'afas155.neoplus.adsl.tpnet.pl', '95.49.18.155', '0000-00-00 00:00:00', '0000-00-00 00:00:00', 0),
(116, '2014-01-25 11:24:13', 'mariusz24245@gmail.com', 0, 'afas155.neoplus.adsl.tpnet.pl', '95.49.18.155', '0000-00-00 00:00:00', '0000-00-00 00:00:00', 0),
(117, '2014-01-25 11:24:56', 'mariusz24245@gmail.com', 1, 'afas155.neoplus.adsl.tpnet.pl', '95.49.18.155', '0000-00-00 00:00:00', '0000-00-00 00:00:00', 0),
(118, '2014-01-25 11:32:52', 'mariusz24245@gmail.com', 0, 'DRA4', '127.0.0.1', '0000-00-00 00:00:00', '0000-00-00 00:00:00', 0),
(119, '2014-01-25 11:32:57', 'mariusz24245@gmail.com', 1, 'DRA4', '127.0.0.1', '0000-00-00 00:00:00', '0000-00-00 00:00:00', 0),
(120, '2014-01-25 13:41:01', 'mariusz24245@gmail.com', 1, 'afas155.neoplus.adsl.tpnet.pl', '95.49.18.155', '0000-00-00 00:00:00', '0000-00-00 00:00:00', 0),
(121, '2014-01-26 12:01:03', 'zorbamsz@gmail.com', 1, '89-66-115-242.dynamic.chello.pl', '89.66.115.242', '0000-00-00 00:00:00', '0000-00-00 00:00:00', 0),
(122, '2014-01-26 12:14:51', 'zorbamsz@gmail.com', 1, '89-66-115-242.dynamic.chello.pl', '89.66.115.242', '0000-00-00 00:00:00', '0000-00-00 00:00:00', 0),
(123, '2014-01-26 15:01:11', 'mariusz24245@gmail.com', 1, '095160002098.lomza.vectranet.pl', '95.160.2.98', '2014-01-26 15:01:11', '0000-00-00 00:00:00', 0),
(124, '2014-01-26 22:08:01', 'Eliza.kulczycka@gmail.com', 1, 'etq38.neoplus.adsl.tpnet.pl', '83.20.162.38', '0000-00-00 00:00:00', '0000-00-00 00:00:00', 0),
(125, '2014-01-27 09:13:59', 'synchro.pol@wp.pl', 0, 'efe63.neoplus.adsl.tpnet.pl', '83.21.42.63', '0000-00-00 00:00:00', '0000-00-00 00:00:00', 0),
(126, '2014-01-27 09:15:25', 'synchro.pol@wp.pl', 0, 'efe63.neoplus.adsl.tpnet.pl', '83.21.42.63', '0000-00-00 00:00:00', '0000-00-00 00:00:00', 0),
(127, '2014-01-27 17:17:34', 'test', 0, '095160002098.lomza.vectranet.pl', '95.160.2.98', '0000-00-00 00:00:00', '0000-00-00 00:00:00', 0),
(128, '2014-01-27 17:17:41', 'mariusz24245@gmail.com', 0, '095160002098.lomza.vectranet.pl', '95.160.2.98', '0000-00-00 00:00:00', '0000-00-00 00:00:00', 0),
(129, '2014-01-27 17:17:53', 'test@gmail.com', 0, '095160002098.lomza.vectranet.pl', '95.160.2.98', '0000-00-00 00:00:00', '0000-00-00 00:00:00', 0),
(130, '2014-01-27 17:24:25', 'mariusz24245@gmail.com', 1, '095160002098.lomza.vectranet.pl', '95.160.2.98', '2014-01-27 17:24:25', '0000-00-00 00:00:00', 0),
(131, '2014-01-27 17:31:03', 'mariusz24245@gmail.com', 1, '095160002098.lomza.vectranet.pl', '95.160.2.98', '0000-00-00 00:00:00', '0000-00-00 00:00:00', 0),
(132, '2014-01-27 18:55:08', 'test', 0, 'apn-77-113-53-198.dynamic.gprs.plus.pl', '77.113.53.198', '0000-00-00 00:00:00', '0000-00-00 00:00:00', 0),
(133, '2014-01-27 18:55:19', 'test', 0, 'apn-77-113-53-198.dynamic.gprs.plus.pl', '77.113.53.198', '0000-00-00 00:00:00', '0000-00-00 00:00:00', 0),
(134, '2014-01-27 18:55:32', 'test', 0, 'apn-77-113-53-198.dynamic.gprs.plus.pl', '77.113.53.198', '0000-00-00 00:00:00', '0000-00-00 00:00:00', 0),
(135, '2014-01-27 18:55:42', 'krzysiek@barlett.pl', 0, 'apn-77-113-53-198.dynamic.gprs.plus.pl', '77.113.53.198', '0000-00-00 00:00:00', '0000-00-00 00:00:00', 0),
(136, '2014-01-27 18:57:30', 'mariusz24245@gmail.com', 1, 'apn-77-113-53-198.dynamic.gprs.plus.pl', '77.113.53.198', '0000-00-00 00:00:00', '0000-00-00 00:00:00', 0),
(137, '2014-01-27 22:24:39', 'mariusz24245@gmail.com', 1, '095160002098.lomza.vectranet.pl', '95.160.2.98', '2014-01-27 22:24:39', '0000-00-00 00:00:00', 0),
(138, '2014-01-27 22:25:05', 'mariusz24245@gmail.com', 0, '095160002098.lomza.vectranet.pl', '95.160.2.98', '0000-00-00 00:00:00', '0000-00-00 00:00:00', 0),
(139, '2014-01-27 22:25:29', 'mariusz24245@gmail.com', 1, '095160002098.lomza.vectranet.pl', '95.160.2.98', '2014-01-27 22:25:29', '0000-00-00 00:00:00', 0),
(140, '2014-01-28 16:41:13', 'mariusz24245@gmail.com', 0, '095160002098.lomza.vectranet.pl', '95.160.2.98', '0000-00-00 00:00:00', '0000-00-00 00:00:00', 0),
(141, '2014-01-28 16:41:17', 'mariusz24245@gmail.com', 0, '095160002098.lomza.vectranet.pl', '95.160.2.98', '0000-00-00 00:00:00', '0000-00-00 00:00:00', 0),
(142, '2014-01-28 16:41:21', 'mariusz24245@gmail.com', 1, '095160002098.lomza.vectranet.pl', '95.160.2.98', '0000-00-00 00:00:00', '0000-00-00 00:00:00', 0),
(143, '2014-01-28 17:08:09', 'pawel', 0, 'localhost', '127.0.0.1', '0000-00-00 00:00:00', '0000-00-00 00:00:00', 0),
(144, '2014-01-28 17:10:22', 'piedziak.pawel@gmail.com', 1, 'localhost', '127.0.0.1', '0000-00-00 00:00:00', '0000-00-00 00:00:00', 0),
(145, '2014-01-28 17:20:25', 'mariusz24245@gmail.com', 0, 'DRA4', '127.0.0.1', '0000-00-00 00:00:00', '0000-00-00 00:00:00', 0),
(146, '2014-01-28 17:20:31', 'mariusz24245@gmail.com', 1, 'DRA4', '127.0.0.1', '0000-00-00 00:00:00', '0000-00-00 00:00:00', 0),
(147, '2014-01-28 17:26:18', 'mariusz24245@gmail.com', 1, 'DRA4', '127.0.0.1', '0000-00-00 00:00:00', '0000-00-00 00:00:00', 0),
(148, '2014-01-28 18:14:05', 'piedziak.pawel@gmail.com', 1, '095160002098.lomza.vectranet.pl', '95.160.2.98', '0000-00-00 00:00:00', '0000-00-00 00:00:00', 0),
(149, '2014-01-28 18:52:32', 'mariusz24245@gmail.com', 1, '095160002098.lomza.vectranet.pl', '95.160.2.98', '2014-01-28 18:52:32', '0000-00-00 00:00:00', 0),
(150, '2014-01-28 18:54:43', 'mariusz24245@gmail.com', 1, '095160002098.lomza.vectranet.pl', '95.160.2.98', '2014-01-28 18:54:43', '0000-00-00 00:00:00', 0),
(151, '2014-01-28 20:31:26', 'mariusz24245@gmail.com', 1, '095160002098.lomza.vectranet.pl', '95.160.2.98', '2014-01-28 20:31:26', '0000-00-00 00:00:00', 0),
(152, '2014-01-28 20:06:08', 'zorbamsz@gmail.com', 1, '89-66-115-242.dynamic.chello.pl', '89.66.115.242', '0000-00-00 00:00:00', '0000-00-00 00:00:00', 0),
(153, '2014-01-28 20:53:45', 'mariusz24245@gmail.com', 1, '095160002098.lomza.vectranet.pl', '95.160.2.98', '0000-00-00 00:00:00', '0000-00-00 00:00:00', 0),
(154, '2014-01-29 08:08:19', 'test', 0, 'apn-46-215-91-201.dynamic.gprs.plus.pl', '46.215.91.201', '0000-00-00 00:00:00', '0000-00-00 00:00:00', 0),
(155, '2014-01-29 08:08:33', 'krzysiek@barlett.pl', 0, 'apn-46-215-91-201.dynamic.gprs.plus.pl', '46.215.91.201', '0000-00-00 00:00:00', '0000-00-00 00:00:00', 0),
(156, '2014-01-29 08:08:40', 'krzysiek@barlett.pl', 1, 'apn-46-215-91-201.dynamic.gprs.plus.pl', '46.215.91.201', '0000-00-00 00:00:00', '0000-00-00 00:00:00', 0),
(157, '2014-01-29 18:19:21', 'piedziak.pawel@gmail.com', 1, 'aaze81.neoplus.adsl.tpnet.pl', '83.6.142.81', '0000-00-00 00:00:00', '0000-00-00 00:00:00', 0),
(158, '2014-01-29 18:23:28', 'mariusz24245@gmail.com', 1, '095160002098.lomza.vectranet.pl', '95.160.2.98', '0000-00-00 00:00:00', '0000-00-00 00:00:00', 0),
(159, '2014-01-29 18:24:16', 'piedziak.pawel@gmial.com', 0, 'localhost', '127.0.0.1', '0000-00-00 00:00:00', '0000-00-00 00:00:00', 0),
(160, '2014-01-29 18:24:25', 'piedziak.pawel@gmial.com', 0, 'localhost', '127.0.0.1', '0000-00-00 00:00:00', '0000-00-00 00:00:00', 0),
(161, '2014-01-29 18:24:29', 'mariusz24245@gmail.com', 1, 'DRA4', '127.0.0.1', '0000-00-00 00:00:00', '0000-00-00 00:00:00', 0),
(162, '2014-01-29 18:24:53', 'piedziak.pawel@gmail.com', 1, 'localhost', '127.0.0.1', '0000-00-00 00:00:00', '0000-00-00 00:00:00', 0),
(163, '2014-01-29 19:35:54', 'mariusz24245@gmail.com', 0, 'DRA4', '127.0.0.1', '0000-00-00 00:00:00', '0000-00-00 00:00:00', 0),
(164, '2014-01-29 19:35:59', 'mariusz24245@gmail.com', 1, 'DRA4', '127.0.0.1', '0000-00-00 00:00:00', '0000-00-00 00:00:00', 0),
(165, '2014-01-29 19:36:50', 'mariusz24245@gmail.com', 1, '095160002098.lomza.vectranet.pl', '95.160.2.98', '0000-00-00 00:00:00', '0000-00-00 00:00:00', 0),
(166, '2014-01-29 22:15:24', 'zorbamsz@gmail.com', 1, '89-66-115-242.dynamic.chello.pl', '89.66.115.242', '0000-00-00 00:00:00', '0000-00-00 00:00:00', 0),
(167, '2014-01-30 07:39:52', 'ppiedziak', 0, 'localhost', '127.0.0.1', '0000-00-00 00:00:00', '0000-00-00 00:00:00', 0),
(168, '2014-01-30 07:40:14', 'pawel.piedziak@gmail.com', 0, 'localhost', '127.0.0.1', '0000-00-00 00:00:00', '0000-00-00 00:00:00', 0),
(169, '2014-01-30 07:40:28', 'piedziak.pawel@gmail.com', 1, 'localhost', '127.0.0.1', '0000-00-00 00:00:00', '0000-00-00 00:00:00', 0),
(170, '2014-01-30 08:39:12', 'zorbamsz@gmail.com', 1, '89-66-115-242.dynamic.chello.pl', '89.66.115.242', '0000-00-00 00:00:00', '0000-00-00 00:00:00', 0),
(171, '2014-01-30 12:30:24', 'zorbamsz@gmail.com', 1, '89-66-115-242.dynamic.chello.pl', '89.66.115.242', '0000-00-00 00:00:00', '0000-00-00 00:00:00', 0),
(172, '2014-01-30 17:55:26', 'mariusz24245@gmail.com', 1, '095160002098.lomza.vectranet.pl', '95.160.2.98', '0000-00-00 00:00:00', '0000-00-00 00:00:00', 0),
(173, '2014-01-30 19:34:33', 'piedziak.pawel@gmial.com', 0, 'localhost', '127.0.0.1', '0000-00-00 00:00:00', '0000-00-00 00:00:00', 0),
(174, '2014-01-30 19:34:54', 'piedziak.pawel@gmail.com', 1, 'localhost', '127.0.0.1', '0000-00-00 00:00:00', '0000-00-00 00:00:00', 0),
(175, '2014-01-30 19:45:41', 'piedziak.pawel@gmail.com', 1, 'aazc162.neoplus.adsl.tpnet.pl', '83.6.140.162', '0000-00-00 00:00:00', '0000-00-00 00:00:00', 0),
(176, '2014-01-30 20:04:32', 'mariusz24245@gmail.com', 1, '095160002098.lomza.vectranet.pl', '95.160.2.98', '0000-00-00 00:00:00', '0000-00-00 00:00:00', 0),
(177, '2014-01-30 20:51:26', 'krzysiek@barlett.pl', 1, '5.174.67.40', '5.174.67.40', '2014-01-30 20:51:26', '0000-00-00 00:00:00', 0),
(178, '2014-01-30 20:59:36', 'piedziak.pawel@gmail.com', 1, 'localhost', '127.0.0.1', '0000-00-00 00:00:00', '0000-00-00 00:00:00', 0),
(179, '2014-01-31 18:20:13', 'k.sobotnicka@gmail.com', 0, 'host-37-77-154-85.ip.jarsat.pl', '37.77.154.85', '0000-00-00 00:00:00', '0000-00-00 00:00:00', 0),
(180, '2014-01-31 18:20:22', 'k.sobotnicka@gmail.com', 0, 'host-37-77-154-85.ip.jarsat.pl', '37.77.154.85', '0000-00-00 00:00:00', '0000-00-00 00:00:00', 0),
(181, '2014-01-31 18:20:39', 'k.sobotnicka@gmail.com', 0, 'host-37-77-154-85.ip.jarsat.pl', '37.77.154.85', '0000-00-00 00:00:00', '0000-00-00 00:00:00', 0),
(182, '2014-01-31 18:20:41', 'k.sobotnicka@gmail.com', 0, 'host-37-77-154-85.ip.jarsat.pl', '37.77.154.85', '0000-00-00 00:00:00', '0000-00-00 00:00:00', 0),
(183, '2014-01-31 18:20:53', 'k.sobotnicka@gmail.com', 0, 'host-37-77-154-85.ip.jarsat.pl', '37.77.154.85', '0000-00-00 00:00:00', '0000-00-00 00:00:00', 0),
(184, '2014-02-06 21:15:15', 'mariusz24245@gmail.com', 0, '82.139.187.31', '82.139.187.31', '0000-00-00 00:00:00', '0000-00-00 00:00:00', 0),
(185, '2014-02-06 21:15:20', 'mariusz24245@gmail.com', 1, '82.139.187.31', '82.139.187.31', '0000-00-00 00:00:00', '0000-00-00 00:00:00', 0);

-- --------------------------------------------------------

--
-- Struktura tabeli dla tabeli `settings`
--

CREATE TABLE IF NOT EXISTS `settings` (
  `id` int(11) NOT NULL AUTO_INCREMENT,
  `system_path` varchar(255) NOT NULL,
  `cron_path` varchar(255) NOT NULL,
  `birth_date_format` varchar(255) NOT NULL,
  `confirm_email` varchar(255) NOT NULL,
  `page_range` int(11) NOT NULL,
  `item_count_per_page` int(11) NOT NULL,
  `charset` varchar(255) NOT NULL,
  PRIMARY KEY (`id`)
) ENGINE=InnoDB  DEFAULT CHARSET=utf8 AUTO_INCREMENT=2 ;

--
-- Zrzut danych tabeli `settings`
--

INSERT INTO `settings` (`id`, `system_path`, `cron_path`, `birth_date_format`, `confirm_email`, `page_range`, `item_count_per_page`, `charset`) VALUES
(1, 'http://ankiety.wulkanizacja-szczuczy.pl', 'http://ankiety.wulkanizacja-szczuczy.pl', 'yy-mm-dd', 'mariusz24245@gmail.com', 5, 25, 'utf-8');

-- --------------------------------------------------------

--
-- Struktura tabeli dla tabeli `survey`
--

CREATE TABLE IF NOT EXISTS `survey` (
  `id` int(11) NOT NULL AUTO_INCREMENT,
  `name` varchar(255) CHARACTER SET utf8 COLLATE utf8_polish_ci NOT NULL,
  `hash` varchar(255) NOT NULL,
  `create_date` timestamp NOT NULL DEFAULT CURRENT_TIMESTAMP,
  `date_start_availability` date NOT NULL,
  `date_finish_availability` date NOT NULL,
  `duration` int(11) NOT NULL,
  `min_points` float(11,2) NOT NULL,
  PRIMARY KEY (`id`)
) ENGINE=InnoDB  DEFAULT CHARSET=utf8 AUTO_INCREMENT=32 ;

--
-- Zrzut danych tabeli `survey`
--

INSERT INTO `survey` (`id`, `name`, `hash`, `create_date`, `date_start_availability`, `date_finish_availability`, `duration`, `min_points`) VALUES
(13, 'Test znajomosci php i mysql', 'c1ed832716b74a32dfa26b2e16b94e7c', '2014-01-09 22:18:30', '2014-01-09', '2014-02-27', 12, 6.00),
(22, 'Mariusz', '393a181abfbf1ad693eaec3e61954742', '2014-01-19 10:35:59', '2014-01-04', '2014-01-24', 360, 0.00),
(28, 'EGZAMIN WERYFIKACYJNY DLA SÄDZIĂW PĹYWANIA SYNCHRONICZNEGO 2014', '8a43ea7f0a826e287b5029dd464edaf4', '2014-01-26 17:48:23', '2014-01-28', '2014-02-02', 120, 36.00),
(30, 'test1', '5a105e8b9d40e1329780d62ea2265d8a', '2014-01-27 17:31:23', '2014-01-15', '2014-01-25', 123, 11.00),
(31, 'etstts', '112a64cbcb0d8f872e5257cf80484193', '2014-01-29 08:14:12', '2014-01-29', '2014-01-30', 10, 4.00);

-- --------------------------------------------------------

--
-- Struktura tabeli dla tabeli `survey_answers`
--

CREATE TABLE IF NOT EXISTS `survey_answers` (
  `id` int(11) NOT NULL AUTO_INCREMENT,
  `id_survey_element` int(11) NOT NULL,
  `date_add` timestamp NOT NULL DEFAULT CURRENT_TIMESTAMP,
  `answer` varchar(255) NOT NULL,
  `id_survey` int(11) NOT NULL,
  `id_user` int(11) NOT NULL DEFAULT '0',
  PRIMARY KEY (`id`)
) ENGINE=InnoDB  DEFAULT CHARSET=utf8 AUTO_INCREMENT=60 ;

--
-- Zrzut danych tabeli `survey_answers`
--

INSERT INTO `survey_answers` (`id`, `id_survey_element`, `date_add`, `answer`, `id_survey`, `id_user`) VALUES
(8, 73, '2014-01-30 20:41:14', 's:1:"1";', 28, 33),
(9, 74, '2014-01-30 20:41:14', 's:1:"1";', 28, 33),
(10, 75, '2014-01-30 20:41:14', 's:1:"0";', 28, 33),
(11, 76, '2014-01-30 20:41:14', 's:1:"0";', 28, 33),
(12, 77, '2014-01-30 20:41:14', 's:1:"1";', 28, 33),
(13, 78, '2014-01-30 20:41:14', 's:1:"0";', 28, 33),
(14, 79, '2014-01-30 20:41:14', 's:1:"0";', 28, 33),
(15, 80, '2014-01-30 20:41:14', 's:1:"1";', 28, 33),
(16, 81, '2014-01-30 20:41:14', 's:1:"0";', 28, 33),
(17, 82, '2014-01-30 20:41:14', 's:1:"0";', 28, 33),
(18, 83, '2014-01-30 20:41:14', 's:1:"1";', 28, 33),
(19, 84, '2014-01-30 20:41:14', 's:1:"1";', 28, 33),
(20, 85, '2014-01-30 20:41:14', 's:1:"1";', 28, 33),
(21, 86, '2014-01-30 20:41:14', 's:1:"1";', 28, 33),
(22, 87, '2014-01-30 20:41:14', 's:1:"1";', 28, 33),
(23, 88, '2014-01-30 20:41:14', 's:1:"1";', 28, 33),
(24, 89, '2014-01-30 20:41:14', 's:1:"1";', 28, 33),
(25, 90, '2014-01-30 20:41:14', 's:1:"0";', 28, 33),
(26, 91, '2014-01-30 20:41:14', 's:1:"1";', 28, 33),
(27, 92, '2014-01-30 20:41:14', 's:1:"1";', 28, 33),
(28, 94, '2014-01-30 20:41:14', 's:1:"2";', 28, 33),
(29, 95, '2014-01-30 20:41:14', 's:1:"0";', 28, 33),
(30, 96, '2014-01-30 20:41:14', 's:1:"0";', 28, 33),
(31, 97, '2014-01-30 20:41:14', 's:1:"2";', 28, 33),
(32, 98, '2014-01-30 20:41:14', 's:1:"0";', 28, 33),
(33, 99, '2014-01-30 20:41:14', 's:1:"0";', 28, 33),
(34, 100, '2014-01-30 20:41:14', 's:1:"3";', 28, 33),
(35, 101, '2014-01-30 20:41:14', 's:1:"3";', 28, 33),
(36, 102, '2014-01-30 20:41:14', 's:1:"1";', 28, 33),
(37, 103, '2014-01-30 20:41:14', 's:1:"0";', 28, 33),
(38, 104, '2014-01-30 20:41:14', 's:1:"0";', 28, 33),
(39, 105, '2014-01-30 20:41:14', 's:1:"0";', 28, 33),
(40, 106, '2014-01-30 20:41:14', 's:1:"2";', 28, 33),
(41, 107, '2014-01-30 20:41:14', 's:1:"2";', 28, 33),
(42, 108, '2014-01-30 20:41:14', 's:1:"1";', 28, 33),
(43, 110, '2014-01-30 20:41:14', 's:1:"0";', 28, 33),
(44, 111, '2014-01-30 20:41:14', 's:1:"0";', 28, 33),
(45, 112, '2014-01-30 20:41:14', 's:1:"0";', 28, 33),
(46, 113, '2014-01-30 20:41:14', 's:1:"0";', 28, 33),
(47, 114, '2014-01-30 20:41:14', 's:1:"0";', 28, 33),
(48, 115, '2014-01-30 20:41:14', 's:1:"2";', 28, 33),
(49, 117, '2014-01-30 20:41:14', 's:1:"5";', 28, 33),
(50, 118, '2014-01-30 20:41:14', 's:1:"0";', 28, 33),
(51, 119, '2014-01-30 20:41:14', 's:1:"1";', 28, 33),
(52, 120, '2014-01-30 20:41:14', 's:1:"3";', 28, 33),
(53, 121, '2014-01-30 20:41:14', 's:1:"0";', 28, 33),
(54, 122, '2014-01-30 20:41:14', 's:1:"5";', 28, 33),
(55, 125, '2014-01-30 20:41:14', 's:1:"0";', 28, 33),
(56, 126, '2014-01-30 20:41:14', 's:1:"0";', 28, 33),
(57, 127, '2014-01-30 20:41:14', 's:1:"1";', 28, 33),
(58, 129, '2014-01-30 20:41:14', 's:1:"3";', 28, 33),
(59, 130, '2014-01-30 20:41:14', 's:1:"2";', 28, 33);

-- --------------------------------------------------------

--
-- Struktura tabeli dla tabeli `survey_elements`
--

CREATE TABLE IF NOT EXISTS `survey_elements` (
  `id` int(11) NOT NULL AUTO_INCREMENT,
  `date_add` timestamp NOT NULL DEFAULT CURRENT_TIMESTAMP,
  `id_survey` int(11) NOT NULL,
  `type` int(11) NOT NULL,
  `type_question` int(11) NOT NULL DEFAULT '0',
  `header` text NOT NULL,
  `target` text NOT NULL,
  `option_question` varchar(255) NOT NULL,
  `positive_answer` varchar(255) NOT NULL,
  `priority` int(11) NOT NULL DEFAULT '0',
  `pionts_for_answer` int(11) NOT NULL DEFAULT '1',
  PRIMARY KEY (`id`)
) ENGINE=InnoDB  DEFAULT CHARSET=utf8 AUTO_INCREMENT=137 ;

--
-- Zrzut danych tabeli `survey_elements`
--

INSERT INTO `survey_elements` (`id`, `date_add`, `id_survey`, `type`, `type_question`, `header`, `target`, `option_question`, `positive_answer`, `priority`, `pionts_for_answer`) VALUES
(53, '0000-00-00 00:00:00', 22, 1, 0, '', '', '', '', 0, 1),
(66, '0000-00-00 00:00:00', 13, 3, 1, '<p>Czy w php moĹźna stosowaÄ kolejki?</p>\r\n', '', 'tak\r\nnie\r\nnie wiem', '2', 0, 0),
(70, '0000-00-00 00:00:00', 28, 1, 0, 'EGZAMIN WERYFIKACYJNY DLA SÄDZIĂW PĹYWANIA SYNCHRONICZNEGO 2014', '<p style="text-align: center;"><u><strong>EGZAMIN WERYFIKACYJNY DLA SÄDZI&Oacute;W PĹYWANIA SYNCHRONICZNEGO 2014</strong></u></p>\r\n', '', '', 0, 1),
(71, '0000-00-00 00:00:00', 28, 1, 0, 'Egzamin skĹada siÄ 52 pytaĹ i jest podzielony na 4 czÄĹci. Na rozwiÄzanie egzaminu jest 120 minut. Do pozytywnego zaliczenia egzaminu naleĹźy otrzymaÄ przynajmniej 70% punktĂłw. W przypadku awarii, utraty poĹÄczenia z Internetem lub innych niezaleĹźnych zdarzeĹ moĹźna siÄ ponownie zalogowaÄ â egzamin rozpocznie siÄ od miejsca, gdzie zostaĹ przerwany z czasem pozostaĹym na jego rozwiÄzanie.', '<p style="text-align: justify;"><em>Egzamin skĹada siÄ 53 pytaĹ i jest podzielony na 4 czÄĹci. </em></p>\r\n\r\n<p style="text-align: justify;"><em>Na rozwiÄzanie egzaminu jest 120 minut. </em></p>\r\n\r\n<p style="text-align: justify;"><em>Do pozytywnego zaliczenia egzaminu naleĹźy otrzymaÄ przynajmniej 70% punkt&oacute;w. </em></p>\r\n\r\n<p style="text-align: justify;"><em>W przypadku awarii, utraty poĹÄczenia z Internetem lub innych niezaleĹźnych zdarzeĹ moĹźna siÄ ponownie zalogowaÄ &ndash; egzamin rozpocznie siÄ od miejsca, gdzie zostaĹ przerwany z czasem pozostaĹym na jego rozwiÄzanie.</em></p>\r\n', '', '', 0, 1),
(72, '0000-00-00 00:00:00', 28, 1, 0, 'CzÄĹÄ I:  Zaznacz czy podane stwierdzenia sÄ prawdziwe czy faĹszywe', '<p><strong><u>CzÄĹÄ I: </u></strong>&nbsp;Zaznacz czy podane stwierdzenia sÄ prawdziwe czy faĹszywe.</p>\r\n', '', '', 0, 1),
(73, '0000-00-00 00:00:00', 28, 3, 1, '<p>Pytanie 1: W czasie zawod&oacute;w w jednej kategorii wiekowej moĹźna rozegraÄ konkurencjÄ figur wiÄcej niĹź raz.</p>\r\n', '', 'prawda\r\nfaĹsz', '2', 0, 1),
(74, '0000-00-00 00:00:00', 28, 3, 1, '<p>Pytanie 2: KolejnoĹÄ startu zawodniczek podczas konkurencji figur ustalana jest przez trener&oacute;w w czasie konferencji technicznej.</p>\r\n', '', 'prawda\r\nfaĹsz', '2', 0, 1),
(75, '0000-00-00 00:00:00', 28, 3, 1, '<p>Pytanie 3: W czasie konkurencji figur sÄdziowie powinni byÄ usadzeni, aby widzieÄ zawodniczkÄ wykonujÄcÄ figurÄ z profilu.</p>\r\n', '', 'prawda\r\nfaĹsz', '1', 0, 1),
(76, '0000-00-00 00:00:00', 28, 3, 1, '<p>Pytanie 4: Program powinien rozpoczÄÄ siÄ i zakoĹczyÄ wraz z akompaniamentem muzyki.</p>\r\n', '', 'prawda\r\nfaĹsz', '1', 0, 1),
(77, '0000-00-00 00:00:00', 28, 3, 1, '<p>Pytanie 5: W systemie sÄdziowania na lata 2014-2017 w programach dowolnych i techniczncyh przewiduje siÄ 3 panele sÄdziowskie, a kaĹźdy sÄdzia wystawi 3 noty za dany program.</p>\r\n', '', 'prawda\r\nfaĹsz', '2', 0, 1),
(78, '0000-00-00 00:00:00', 28, 3, 1, '<p>Pytanie 6: KreatywnoĹÄ w programach dowolnych oceniana jest w ramach noty za wraĹźenie artystyczne.</p>\r\n', '', 'prawda\r\nfaĹsz', '1', 0, 1),
(79, '0000-00-00 00:00:00', 28, 3, 1, '<p>Pytanie 7: Wykorzystanie powierzchni basenu w programie dowolnym oceniane jest w ramach noty za wraĹźenie artystyczne.</p>\r\n', '', 'prawda\r\nfaĹsz', '1', 0, 1),
(80, '0000-00-00 00:00:00', 28, 3, 1, '<p>Pytanie 8: W czasie &bdquo;poczÄtku na lÄdzie&rdquo; przynajmniej poĹowa zawodniczek w zespole powinna staÄ przynajmniej jednÄ stopÄ na platformie startowej.</p>\r\n', '', 'prawda\r\nfaĹsz', '2', 0, 1),
(81, '0000-00-00 00:00:00', 28, 3, 1, '<p>Pytanie 9: Aspekty zwiÄzane z muzykÄ w programie oceniane sÄ zar&oacute;wno w ramach synchronizacji jak i interpretacji muzyki.</p>\r\n', '', 'prawda\r\nfaĹsz', '1', 0, 1),
(82, '0000-00-00 00:00:00', 28, 3, 1, '<p>Pytanie 10: SÄdziowie pokazujÄ noty w konkurencji figur na sygnaĹ Asystenta sÄdziego gĹ&oacute;wnego lub samego SÄdziego GĹ&oacute;wnego.</p>\r\n', '', 'prawda\r\nfaĹsz', '1', 0, 1),
(83, '0000-00-00 00:00:00', 28, 3, 1, '<p>Pytanie 11: Odpowiednie wykonanie pozycji szpagatowej (Split Position) zawsze m&oacute;wi o poziomie (kategorii) wykonania caĹej figury.</p>\r\n', '', 'prawda\r\nfaĹsz', '2', 0, 1),
(84, '0000-00-00 00:00:00', 28, 3, 1, '<p>Pytanie 12: W programie kombinacji kategoria WYKONANIE ma najmniejszy procentowy udziaĹ w caĹoĹci noty za program.</p>\r\n', '', 'prawda\r\nfaĹsz', '2', 0, 1),
(85, '0000-00-00 00:00:00', 28, 3, 1, '<p>Pytanie 13: KolejnoĹÄ element&oacute;w technicznych w solo technicznym jest ustalana przez zawodniczkÄ i na 2 godziny przed startem jest dostarczana do sekretariatu zawod&oacute;w i do SÄdziego GĹ&oacute;wnego</p>\r\n', '', 'prawda\r\nfaĹsz', '2', 0, 1),
(86, '0000-00-00 00:00:00', 28, 3, 1, '<p>Pytanie 14: SÄdzia nie moĹźe oceniÄ programu biorÄcego udziaĹ w zawodach niĹźej niĹź programu wykonywanego przez zawodniczkÄ(i) pre-swimmers (z numerem startowym 0).</p>\r\n', '', 'prawda\r\nfaĹsz', '2', 0, 1),
(87, '0000-00-00 00:00:00', 28, 3, 1, '<p>Pytanie 15: Noty za program dowolny w eliminacjach sÄ zawsze niĹźsze niĹź otrzymywane przez ten sam program dowolny w finale.</p>\r\n', '', 'prawda\r\nfaĹsz', '2', 0, 1),
(88, '0000-00-00 00:00:00', 28, 3, 1, '<p>Pytanie 16: W programie technicznym zespoĹu obowiÄzkowe jest wykonanie ustawienia KOĹO, w czasie kt&oacute;rego wszystkie zawodniczki sÄ zwr&oacute;cone twarzÄ do Ĺrodka tego ustawienia.</p>\r\n', '', 'prawda\r\nfaĹsz', '2', 0, 1),
(89, '0000-00-00 00:00:00', 28, 3, 1, '<p>Pytanie 17: Choreografia to 30% wartoĹci noty wraĹźenie artystyczne w programie dowolnym.</p>\r\n', '', 'prawda\r\nfaĹsz', '2', 0, 1),
(90, '0000-00-00 00:00:00', 28, 3, 1, '<p>Pytanie 18: Zgodnie z obowiÄzujÄcymi przepisami&nbsp; FINA Ĺruba w g&oacute;rÄ (Ascending Spin) zakoĹczona jest zawsze pionowym zanurzeniem (Vertical Descent) jeĹźeli w opisie figury nie oznaczono inaczej.</p>\r\n', '', 'prawda\r\nfaĹsz', '1', 0, 1),
(91, '0000-00-00 00:00:00', 28, 3, 1, '<p>Pytanie 19: Poszczeg&oacute;lne przejĹcia w ramach danej figury muszÄ zajÄÄ dokĹadnie tyle samo czasu (wyraĹźonego np. w sekundach), aby okreĹliÄ, Ĺźe figura zostaĹa wykonana w jednostajnym tempie.</p>\r\n', '', 'prawda\r\nfaĹsz', '2', 0, 1),
(92, '0000-00-00 00:00:00', 28, 3, 1, '<p>Pytanie 20: Pozycja Crane i pozycja Fishtail to ta sama pozycja, a nazwy sÄ uĹźywane wymiennie.</p>\r\n', '', 'prawda\r\nfaĹsz', '2', 0, 1),
(93, '0000-00-00 00:00:00', 28, 1, 0, 'CzÄĹÄ II:  Zaznacz poprawnÄ odpowiedĹş (tylko jedna odpowiedĹş jest poprawna).', '<p><strong><u>CzÄĹÄ II: </u></strong>&nbsp;Zaznacz poprawnÄ odpowiedĹş (tylko jedna odpowiedĹş jest poprawna).</p>\r\n', '', '', 0, 1),
(94, '0000-00-00 00:00:00', 28, 3, 1, '<p>Pytanie 1: Czas programu liczy siÄ:</p>\r\n', '', 'od momentu gwizdka sÄdziego\r\nod momentu opuszczenie platformy startowej przez ostatnia zawodniczkÄ \r\nod momentu rozpoczÄcia siÄ muzyki\r\nod momentu pierwszego ruchu wykonanego przez zawodniczkÄ(i)', '3', 0, 1),
(95, '0000-00-00 00:00:00', 28, 3, 1, '<p>Pytanie 2: FINA przewiduje rozgrywanie konkurencji figur wedĹug nastÄpujÄcego programu:</p>\r\n', '', '2 figury obowiÄzkowe + 2 figury z grupy losowanej\r\n4 figury obowiÄzkowe\r\n4 figury losowane\r\n4 figury dowolnie wybrane przez zawodniczkÄ i zgĹoszone do organizatora zawodĂłw', '1', 0, 1),
(96, '0000-00-00 00:00:00', 28, 3, 1, '<p>Pytanie 3: Organizator powinien rozlosowaÄ figury na &hellip;&hellip; przed rozpoczÄciem konkurencji figur.</p>\r\n', '', '18 - 72 godziny\r\n24 - 36 godzin\r\n12 - 48 godzin\r\nnie pĂłĹşniej niĹź 4 godziny', '1', 0, 1),
(97, '0000-00-00 00:00:00', 28, 3, 1, '<p>Pytanie 4: Program dowolny:</p>\r\n', '', 'musi zaczynaÄ siÄ i koĹczyÄ w wodzie\r\nmoĹźe zaczynaÄ siÄ i koĹczyÄ na lÄdzie\r\nmoĹźe zaczynaÄ siÄ na lÄdzie, ale musi skoĹczyÄ siÄ w wodzie\r\nmusi zaczynaÄ siÄ na lÄdzie i moĹźe koĹczyÄ w wodzie', '3', 0, 1),
(98, '0000-00-00 00:00:00', 28, 3, 1, '<p>Pytanie 5: JeĹźeli zawodniczka w czasie programu celowo uĹźyje dna, aby pom&oacute;c innej zawodniczce:</p>\r\n', '', 'otrzymuje 2 punkt kary\r\nma prawo uĹźyÄ dna, aby pomĂłc innej zawodniczce \r\notrzymuje upomnienie sĹowne od SÄdziego GĹĂłwnego\r\notrzymuje 1 punkt kary', '1', 0, 1),
(99, '0000-00-00 00:00:00', 28, 3, 1, '<p>Pytanie 6: Panel sÄdziowski oceniajÄcy wraĹźenie artystycznej w programie dowolnym zgodnie z obowiÄzujÄcymi na lata 2014-2017 przepisami moĹźe skĹadaÄ siÄ maksymalnie z .... sÄdzi&oacute;w.</p>\r\n', '', '5\r\n6\r\n7\r\n15', '1', 0, 1),
(100, '0000-00-00 00:00:00', 28, 3, 1, '<p>Pytanie 7: Wynik finaĹowy w zawodach, gdzie rozgrywana jest konkurencja figur, program&oacute;w technicznych oraz dowolnych, obliczany jest jako:</p>\r\n', '', '25% figury + 25% program techniczny + 50% wyniku z programu dowolnego z finaĹu\r\n50% z programu technicznego + 50% wyniku z programu dowolnego z finaĹu\r\n100% z programu dowolnego w finale\r\n100% z kaĹźdej z trzech konkurencji, co sumuje siÄ do max. 300 p', '4', 0, 1),
(101, '0000-00-00 00:00:00', 28, 3, 1, '<p>Pytanie 8: W programie dowolnym solo zawodniczka otrzymuje 1 punkty kary jeĹźeli:</p>\r\n', '', 'przerwie program i dotknie brzegu\r\nwyjdzie z basenu i ponownie do niego wskoczy w czasie trwania programu\r\nnaruszy jakiekolwiek przepisy okreĹlone w SS 13.2 \r\nwykonywany program nie speĹnia okreĹlonych limitĂłw czasowych', '4', 0, 1),
(102, '0000-00-00 00:00:00', 28, 3, 1, '<p>Pytanie 9: W czasie programu ocenie sÄdziowskiej podlega:</p>\r\n', '', 'tylko to co wykonywane jest nad lustrem wody\r\nto co wykonywane jest nad i pod lustrem wody\r\ntylko to co wykonywane jest pod lustrem wody\r\nw zaleĹźnoĹci od potrzeby tylko to co wykonywane jest nad lub tylko to co wykonywane jest pod lustrem wody', '2', 0, 1),
(103, '0000-00-00 00:00:00', 28, 3, 1, '<p>Pytanie 10: W programach technicznych liczba element&oacute;w ocenianych przez sÄdzi&oacute;w z panelu ELEMENTY wynosi:</p>\r\n', '', '5\r\n6\r\n5 oraz w programie duetu i zespoĹu dodatkowo wyrzut gĹowÄ w gĂłrÄ\r\nzaleĹźenie od poziomu zawodĂłw od 5 do 7 elementĂłw', '1', 0, 1),
(104, '0000-00-00 00:00:00', 28, 3, 1, '<p>Pytanie 11: Ile punk&oacute;w kary za brak zawodniczek otrzyma 5-osobowy zesp&oacute;Ĺ?</p>\r\n', '', '1,5\r\n2,0\r\n2,5\r\n3,0', '1', 0, 1),
(105, '0000-00-00 00:00:00', 28, 3, 1, '<p>Pytanie 12: Dla sÄdzi&oacute;w zakoĹczenie programu nastÄpuje:</p>\r\n', '', 'w momencie zakoĹczenia muzyki\r\nw momencie zakoĹczenia choreografii jeĹźeli muzyka skoĹczyĹa siÄ wczeĹniej\r\nw memencie gwizdka sÄdziego\r\ngdy zawodniczka krzyknie âSTOP!â', '1', 0, 1),
(106, '0000-00-00 00:00:00', 28, 3, 1, '<p>Pytanie 13: 6-osobowa kombinacja w zawodach FINA za brak zawodniczek otrzyma .... punk&oacute;w kary.</p>\r\n', '', '1\r\n2\r\ntaka kombinacja nie zostanie dopuszczona do startu\r\nnie otrzyma punktĂłw karnych', '3', 0, 1),
(107, '0000-00-00 00:00:00', 28, 3, 1, '<p>Pytanie 14: JeĹźeli wystÄpuje rozbieĹźnoĹÄ miÄdzy rysunkiem przedstawiajÄcym wykonanie figury i opisem w jÄzyku angielskim w Handbook FINA, to:</p>\r\n', '', 'zawodnik moĹźe wybraÄ bardziej dogodnÄ dla niego wersjÄ\r\nobowiÄzujÄcym jest rysunek przedstawiajÄcy wykonanie figury\r\nopis w jÄzyku angielskim w Handbook FINA jest obowiÄzujÄcy\r\nobowiÄzujÄca jest wersja poĹrednia miÄdzy rysunkiem i opisem ust', '3', 0, 1),
(108, '0000-00-00 00:00:00', 28, 3, 1, '<p>Pytanie 15: W programach technicznych margines czasu programu od okreĹlonych limit&oacute;w wynosi:</p>\r\n', '', '+/- 10 sec.\r\n+/- 15 sec.\r\n+/- 5 sec.\r\nczas trwania programu musi byÄ dokĹadnie taki jak podany w przepisach', '2', 0, 1),
(109, '0000-00-00 00:00:00', 28, 1, 0, 'CzÄĹÄ III â A: OkreĹl, ktĂłra z poniĹźszych kategorii uĹźywanych w ocenie programĂłw technicznych przez panele: WYKONANIE i WRAĹťENIE najlepiej odnosi siÄ do podanych niĹźej sytuacji (wybierz jedna - najlepiej pasujÄcÄ odpowiedĹş).', '<p><strong><u>CzÄĹÄ III &ndash; A:</u></strong> OkreĹl, kt&oacute;ra z poniĹźszych kategorii uĹźywanych w ocenie <u>program&oacute;w technicznych</u> przez panele: WYKONANIE i WRAĹťENIE <strong>najlepiej</strong> odnosi siÄ do podanych niĹźej sytuacji (wybierz jednÄ - najlepiej pasujÄcÄ odpowiedĹş).</p>\r\n', '', '', 0, 1),
(110, '0000-00-00 00:00:00', 28, 3, 1, '<p>Pytanie 1: W programie solo w czasie wykonywania trzeciego elementu (Knight), zawodniczka przesuwa siÄ bardzo efektywnie w czasie <em>osiÄgania pozycji ballet leg.</em></p>\r\n', '', 'Wykonanie (Execution)\r\nSynchronizacja (Synchronization)\r\nPoziom trudnoĹci (Difficulty)\r\nChoreografia (Choreography)\r\nInterpretacja muzyki (Use of music)\r\nSposĂłb prezentacji  (Manner of presentation)\r\nNie oceniane', '1', 0, 1),
(111, '0000-00-00 00:00:00', 28, 3, 1, '<p>Pytanie 2: Poziom wody osiÄgniÄty przez zawodniczki w dodatkowo wykonanej podczas programu&nbsp; platformie/wyrzucie&nbsp; na wyraĹşny akcent muzyczny.</p>\r\n', '', 'Wykonanie (Execution)\r\nSynchronizacja (Synchronization)\r\nPoziom trudnoĹci (Difficulty)\r\nChoreografia (Choreography)\r\nInterpretacja muzyki (Use of music)\r\nSposĂłb prezentacji  (Manner of presentation)\r\nNie oceniane', '1', 0, 1),
(112, '0000-00-00 00:00:00', 28, 3, 1, '<p>Pytanie 3: WysokoĹÄ osiÄgniÄta w dynamicznym ruchu (barracuda, boost) przez 8 zawodniczek jednoczeĹnie.</p>\r\n', '', 'Wykonanie (Execution)\r\nSynchronizacja (Synchronization)\r\nPoziom trudnoĹci (Difficulty)\r\nChoreografia (Choreography)\r\nInterpretacja muzyki (Use of music)\r\nSposĂłb prezentacji  (Manner of presentation)\r\nNie oceniane', '1', 0, 1),
(113, '0000-00-00 00:00:00', 28, 3, 1, '<p>Pytanie 4: W czasie caĹoĹci programu stabilna wysokoĹÄ pion&oacute;w (stable hight) jest na poziomie poĹowy ud.</p>\r\n', '', 'Wykonanie (Execution)\r\nSynchronizacja (Synchronization)\r\nPoziom trudnoĹci (Difficulty)\r\nChoreografia (Choreography)\r\nInterpretacja muzyki (Use of music)\r\nSposĂłb prezentacji  (Manner of presentation)\r\nNie oceniane', '1', 0, 1),
(114, '0000-00-00 00:00:00', 28, 3, 1, '<p>Pytanie 5: W czasie zmiany ustawienia w pionach jedna z zawodniczek wpadĹa na innÄ.</p>\r\n', '', 'Wykonanie (Execution)\r\nSynchronizacja (Synchronization)\r\nPoziom trudnoĹci (Difficulty)\r\nChoreografia (Choreography)\r\nInterpretacja muzyki (Use of music)\r\nSposĂłb prezentacji  (Manner of presentation)\r\nNie oceniane', '1', 0, 1),
(115, '0000-00-00 00:00:00', 28, 3, 1, '<p>Pytanie 6: ObowiÄzkowa sekwencja rÄk w kadencji (program techniczny zespoĹu) wykonywana jest tylko jednÄ rÄkÄ.</p>\r\n', '', 'Wykonanie (Execution)\r\nSynchronizacja (Synchronization)\r\nPoziom trudnoĹci (Difficulty)\r\nChoreografia (Choreography)\r\nInterpretacja muzyki (Use of music)\r\nSposĂłb prezentacji  (Manner of presentation)\r\nNie oceniane', '3', 0, 1),
(116, '0000-00-00 00:00:00', 28, 1, 0, 'CzÄĹÄ III â B: OkreĹl, ktĂłra z poniĹźszych kategorii uĹźywanych w ocenie programĂłw dowolnych najlepiej odnosi siÄ do podanych niĹźej sytuacji (wybierz jednÄ - najlepiej pasujÄcÄ odpowiedĹş).', '<p><strong><u>CzÄĹÄ III &ndash; B:</u></strong> OkreĹl, kt&oacute;ra z poniĹźszych kategorii uĹźywanych w ocenie <u>program&oacute;w dowolnych</u> <strong>najlepiej</strong> odnosi siÄ do podanych niĹźej sytuacji (wybierz jednÄ - najlepiej pasujÄcÄ odpowiedĹş).</p>\r\n', '', '', 0, 1),
(117, '0000-00-00 00:00:00', 28, 3, 1, '<p>Pytanie 1: Zawodniczka w peĹni zawĹadnÄĹa publicznoĹciÄ.</p>\r\n', '', 'Wykonanie (Execution)\r\nSynchronizacja (Synchronization)\r\nPoziom trudnoĹci (Difficulty)\r\nChoreografia (Choreography)\r\nInterpretacja muzyki (Use of music)\r\nSposĂłb prezentacji (Manner of presentation)\r\nNie oceniane', '6', 0, 1),
(118, '0000-00-00 00:00:00', 28, 3, 1, '<p>Pytanie 2: Jedna z zawodniczek w zespole nie wykonuje fragmentu programu.</p>\r\n', '', 'Wykonanie (Execution)\r\nSynchronizacja (Synchronization)\r\nPoziom trudnoĹci (Difficulty)\r\nChoreografia (Choreography)\r\nInterpretacja muzyki (Use of music)\r\nSposĂłb prezentacji (Manner of presentation)\r\nNie oceniane', '1', 0, 1),
(119, '0000-00-00 00:00:00', 28, 3, 1, '<p>Pytanie 3: Po zakoĹczeniu akompaniamentu zawodniczki dalej wykonujÄ program.</p>\r\n', '', 'Wykonanie (Execution)\r\nSynchronizacja (Synchronization)\r\nPoziom trudnoĹci (Difficulty)\r\nChoreografia (Choreography)\r\nInterpretacja muzyki (Use of music)\r\nSposĂłb prezentacji (Manner of presentation)\r\nNie oceniane', '2', 0, 1),
(120, '0000-00-00 00:00:00', 28, 3, 1, '<p>Pytanie 4: Innowacyjne salto wykonane na koniec programu zespoĹu.</p>\r\n', '', 'Wykonanie (Execution)\r\nSynchronizacja (Synchronization)\r\nPoziom trudnoĹci (Difficulty)\r\nChoreografia (Choreography)\r\nInterpretacja muzyki (Use of music)\r\nSposĂłb prezentacji (Manner of presentation)\r\nNie oceniane', '4', 0, 1),
(121, '0000-00-00 00:00:00', 28, 3, 1, '<p>Pytanie 5: DokĹadnoĹÄ z jakÄ zawodniczki w duecie zmieniajÄ kierunek i szybkoĹÄ ruch&oacute;w.</p>\r\n', '', 'Wykonanie (Execution)\r\nSynchronizacja (Synchronization)\r\nPoziom trudnoĹci (Difficulty)\r\nChoreografia (Choreography)\r\nInterpretacja muzyki (Use of music)\r\nSposĂłb prezentacji (Manner of presentation)\r\nNie oceniane', '1', 0, 1),
(122, '0000-00-00 00:00:00', 28, 3, 1, '<p>Pytanie 6: Zawodniczka w ciÄgu trwania programu caĹy czas poprawia nosek.</p>\r\n', '', 'Wykonanie (Execution)\r\nSynchronizacja (Synchronization)\r\nPoziom trudnoĹci (Difficulty)\r\nChoreografia (Choreography)\r\nInterpretacja muzyki (Use of music)\r\nSposĂłb prezentacji (Manner of presentation)\r\nNie oceniane', '6', 0, 1),
(124, '0000-00-00 00:00:00', 28, 1, 0, 'CZÄĹÄ IV â A OPIS FIGURY: From a Front Layout Position, a Front Pike Position is assumed. One leg is lifted to a Fishtail Position. The horizontal leg is rapidly lifted through an arc of 180Â° as the vertical leg is lowered to assume a Split Position, without hesitating a hip rotation of 180Â° is executed as the front leg is raised to assume a Fishtail Position. The horizontal leg is lifted to a Vertical Position at the same tempo as the initial actions of the figure. A Vertical Descent is executed. Z pozycji podstawowej na piersiach (Front Layout Position) wykonywane jest przejĹcie do kÄta horyzontalnego. NastÄpnie jedna noga dĹşwigana jest do pozycji fishtail (Fishtail). Noga horyzontalna przenoszona jest szybkim ruchem po Ĺuku 180o, w czasie gry noga pionowa opuszczana jest do przodu, aby osiÄgnÄÄ pozycje szpagatowÄ (Split Position), a nastÄpnie wykonuje siÄ rotacjÄ w biodrach o 180o i przednia noga dĹşwigana jest do pozycji fishtail (Fishtail). Noga horyzontalna dĹşwigana jest do pozycji pionowej (Vertical) w tym samym tempie co poczÄtkowe fazy figury, a nastÄpnie odbywa siÄ pionowe zanurzenie (Vertical Descent).', '<p><strong><u>CZÄĹÄ IV &ndash; A</u></strong></p>\r\n\r\n<p style="text-align: justify;"><u>OPIS FIGURY</u>: From a <strong>Front Layout Position</strong>, a <em>Front Pike Position is assumed</em>. One leg is lifted to a <strong>Fishtail Position</strong>. The horizontal leg is rapidly lifted through an arc of 180&deg; as the vertical leg is lowered to assume a <strong>Split Position</strong>, without hesitating a hip rotation of 180&deg; is executed as the front leg is raised to assume a <strong>Fishtail Position</strong>. The horizontal leg is lifted to a <strong>Vertical Position </strong>at the same tempo as the initial actions of the figure. A <em>Vertical Descent </em>is executed.</p>\r\n\r\n<p style="text-align: justify;">Z <strong>pozycji podstawowej na piersiach (Front Layout Position)</strong> wykonywane jest <em>przejĹcie do kÄta horyzontalnego</em>. NastÄpnie jedna noga dĹşwigana jest do <strong>pozycji fishtail (Fishtail).</strong> Noga horyzontalna przenoszona jest szybkim ruchem po Ĺuku 180<sup>o</sup>, w czasie gry noga pionowa opuszczana jest do przodu, aby osiÄgnÄÄ <strong>pozycje szpagatowÄ (Split Position),</strong> a nastÄpnie wykonuje siÄ rotacjÄ w biodrach o 180<sup>o</sup> i przednia noga dĹşwigana jest do <strong>pozycji fishtail (Fishtail).</strong> Noga horyzontalna dĹşwigana jest do <strong>pozycji pionowej (Vertical)</strong> w tym samym tempie co poczÄtkowe fazy figury, a nastÄpnie odbywa siÄ <em>pionowe zanurzenie (Vertical Descent).</em></p>\r\n\r\n<p><img alt="" height="167" src="http://ankiety.wulkanizacja-szczuczyn.pl/js/ckfinder/userfiles//images/figura%201.png" width="651" /></p>\r\n', '', '', 0, 1),
(125, '0000-00-00 00:00:00', 28, 3, 1, '<p>Pytanie 1: OkreĹl ile podstawowych przejĹÄ wykonywanych jest w figurze BUTTERFLY:</p>\r\n', '', '2\r\n3\r\n4\r\n5', '1', 0, 1),
(126, '0000-00-00 00:00:00', 28, 3, 1, '<p>Pytanie 2: PrzejĹcie z pozycji leĹźenia na piersiach (Front Layout position) do pozycji kÄta horyzontalnego (Front Pike) - okreĹl numerycznÄ wartoĹÄ tego przejĹcia:</p>\r\n', '', '12,0\r\n13,5\r\n27,5', '1', 0, 1),
(127, '0000-00-00 00:00:00', 28, 3, 1, '<p>Pytanie 3: PrzejĹcie z pozycji szpagatu (Split Position) do pozycji fishtail (Fishtail Position) - okreĹl wartoĹÄ proporcjonalnÄ tego przejĹcia:</p>\r\n', '', '2,47\r\n2,42\r\n1,63', '2', 0, 1),
(128, '0000-00-00 00:00:00', 28, 1, 0, 'CZÄĹÄ IV â B  OPIS FIGURY: From a Front Layout Position a Front Pike Position is assumed. One leg is lifted to a Fishtail Position. Maintaining the angle between the legs, the horizontal leg moves to vertical as the vertical leg simultaneously continues its arc to the surface to assume a Knight Position. Maintaining the vertical alignment of the body, the horizontal leg is moved in a 1800 arc at the surface of the water to a Fishtail Position. The horizontal leg is lifted to the Vertical Position. A Vertical Descent is executed.  Z pozycji podstawowej na piersiach (Front Layout Position) wykonywane jest przejĹcie do kÄta horyzontalnego. Jedna noga dĹşwigana jest do pozycji fishtail (Fishtail). UtrzymujÄc kÄt miÄdzy nogami przenoszone sÄ one do pozycji wieĹźy (Knight) w ten sposĂłb, Ĺźe noga horyzontalna dĹşwigana jest do pionu, w czasie gdy noga pionowa przenoszona jest do tyĹu. UtrzymujÄc pionowe ustawienie ciaĹa, noga horyzontalna przenoszona jest po Ĺuku 180o do przodu, aby osiÄgnÄÄ pozycjÄ fishtail (Fishtail). Noga horyzontalna dĹşwigana jest do pionu (Vertical) i nastÄpujÄ pionowe zanurzenie (Vertical Descent).', '<p><strong><u>CZÄĹÄ IV &ndash; B</u></strong></p>\r\n\r\n<p style="text-align: justify;"><u>OPIS FIGURY:</u> From a <strong>Front Layout Position </strong>a <em>Front Pike Position is assumed</em>. One leg is lifted to a <strong>Fishtail Position</strong>. Maintaining the angle between the legs, the horizontal leg moves to vertical as the vertical leg simultaneously continues its arc to the surface to assume a <strong>Knight Position</strong>. Maintaining the vertical alignment of the body, the horizontal leg is moved in a 1800 arc at the surface of the water to a <strong>Fishtail Position. </strong>The horizontal leg is lifted to the <strong>Vertical Position. </strong>A <em>Vertical Descent </em>is executed.</p>\r\n\r\n<p style="text-align: justify;">Z <strong>pozycji podstawowej na piersiach (Front Layout Position)</strong> wykonywane jest <em>przejĹcie do kÄta horyzontalnego</em>. Jedna noga dĹşwigana jest do <strong>pozycji fishtail (Fishtail). </strong>UtrzymujÄc kÄt miÄdzy nogami przenoszone sÄ one do <strong>pozycji</strong> <strong>wieĹźy (Knight)</strong> w ten spos&oacute;b, Ĺźe noga horyzontalna dĹşwigana jest do pionu, w czasie gdy noga pionowa przenoszona jest do tyĹu. UtrzymujÄc pionowe ustawienie ciaĹa, noga horyzontalna przenoszona jest po Ĺuku 180<sup>o</sup> do przodu, aby osiÄgnÄÄ <strong>pozycjÄ fishtail (Fishtail).</strong> Noga horyzontalna dĹşwigana jest do <strong>pionu (Vertical)</strong> i nastÄpujÄ <em>pionowe zanurzenie (Vertical Descent).</em></p>\r\n\r\n<p style="text-align: justify;"><img alt="" height="170" src="http://ankiety.wulkanizacja-szczuczyn.pl/js/ckfinder/userfiles//images/figura%202.png" width="690" /></p>\r\n', '', '', 0, 1),
(129, '0000-00-00 00:00:00', 28, 3, 1, '<p>Pytanie 1: OkreĹl ile w sumie przejĹÄ wykonywanych jest w figurze JUPITER:</p>\r\n', '', '3\r\n4\r\n5\r\n6', '4', 0, 1),
(130, '0000-00-00 00:00:00', 28, 3, 1, '<p>Pytanie 2: Kt&oacute;re podstawowe przejĹcie jest o najwyĹźszej trudnoĹci&nbsp; - wybierz poprawnÄ odpowiedĹş.</p>\r\n', '', 'Z pozycji fishtail (Fishtail Position) do pozycji wieĹźy (Knight Position)\r\nZ pozycji wieĹźa (Knight Position) do pozycji fishtail (Fishtail Position)\r\nPionowe zanurzenie  (Vertical descent)\r\nDostawienie nogi z pozycji fishtail (Fishtail Position) do pozy', '3', 0, 1),
(131, '0000-00-00 00:00:00', 13, 3, 1, '<p>Czy w mysql mozna zrobic transakcje?</p>\r\n', '', 'tak\r\nnie\r\nnie wiem', '3', 1, 1),
(132, '0000-00-00 00:00:00', 13, 3, 1, '<p>$a = 8.28;<br />\r\necho &#39;&lt;br /&gt;a = &#39;.$a;</p>\r\n\r\n<p>$b = 8.28 * 100;<br />\r\necho &#39;&lt;br /&gt;b = &#39;.$b;</p>\r\n\r\n<p>$c = intval($b);<br />\r\necho &#39;&lt;br /&gt;c = &#39;.$c;</p>\r\n\r\n<p>Ile wynosi $c ?</p>\r\n\r\n<p>&nbsp;</p>\r\n', '', '828\r\n827\r\n829', '3', 3, 3),
(133, '2014-01-28 19:04:05', 13, 3, 1, '<p><img alt="" src="http://ankiety.wulkanizacja-szczuczyn.pl/js/ckfinder/userfiles//images/subito_logotyp_FINAL_RGB_600.png" style="width: 100px; height: 46px;" /></p>\r\n\r\n<p>Sprawdz wymiary obrazka powyzej</p>\r\n\r\n<p>&nbsp;</p>\r\n', '', '1', '1', 0, 0),
(134, '2014-01-29 08:14:26', 31, 0, 0, '', '', '', '', 0, 1),
(135, '2014-01-29 08:14:32', 31, 3, 1, '<p>CO ma lis</p>\r\n', '', 'Ogon\r\nKitÄ\r\nNos', '2', 0, 1),
(136, '2014-01-29 08:15:09', 31, 3, 1, '<p>Co ma koĹ</p>\r\n', '', 'kopyta\r\nrogi\r\nnos', '1\r\n3', 0, 1);

-- --------------------------------------------------------

--
-- Struktura tabeli dla tabeli `survey_time`
--

CREATE TABLE IF NOT EXISTS `survey_time` (
  `id` int(11) NOT NULL AUTO_INCREMENT,
  `start` datetime NOT NULL,
  `stop` datetime NOT NULL,
  `id_survey` int(11) NOT NULL,
  `id_user` int(11) NOT NULL,
  `status` tinyint(4) NOT NULL,
  `data_modyfikacji` datetime NOT NULL,
  `data_dodania` timestamp NOT NULL DEFAULT CURRENT_TIMESTAMP,
  PRIMARY KEY (`id`)
) ENGINE=InnoDB  DEFAULT CHARSET=latin2 AUTO_INCREMENT=15 ;

--
-- Zrzut danych tabeli `survey_time`
--

INSERT INTO `survey_time` (`id`, `start`, `stop`, `id_survey`, `id_user`, `status`, `data_modyfikacji`, `data_dodania`) VALUES
(10, '2014-01-30 21:20:38', '2014-01-30 22:34:48', 13, 29, 0, '2014-01-30 22:34:48', '2014-01-30 20:20:38'),
(11, '2014-01-30 21:24:23', '0000-00-00 00:00:00', 28, 29, 1, '0000-00-00 00:00:00', '2014-01-30 20:24:23'),
(12, '2014-01-30 21:25:46', '0000-00-00 00:00:00', 28, 32, 1, '0000-00-00 00:00:00', '2014-01-30 20:25:46'),
(13, '2014-01-30 21:30:08', '2014-01-30 21:41:14', 28, 33, 0, '0000-00-00 00:00:00', '2014-01-30 20:30:08'),
(14, '2014-01-30 21:38:35', '0000-00-00 00:00:00', 13, 31, 1, '0000-00-00 00:00:00', '2014-01-30 20:38:35');

-- --------------------------------------------------------

--
-- Struktura tabeli dla tabeli `survey_user_access`
--

CREATE TABLE IF NOT EXISTS `survey_user_access` (
  `id` int(11) NOT NULL AUTO_INCREMENT,
  `id_survey` int(11) NOT NULL,
  `id_user` int(11) NOT NULL,
  `confirm_email` tinyint(4) NOT NULL DEFAULT '0',
  `date_add` timestamp NOT NULL DEFAULT CURRENT_TIMESTAMP,
  `status` int(11) NOT NULL DEFAULT '0',
  PRIMARY KEY (`id`)
) ENGINE=InnoDB  DEFAULT CHARSET=latin2 AUTO_INCREMENT=30 ;

--
-- Zrzut danych tabeli `survey_user_access`
--

INSERT INTO `survey_user_access` (`id`, `id_survey`, `id_user`, `confirm_email`, `date_add`, `status`) VALUES
(1, 1, 23, 0, '2014-01-19 11:48:14', 0),
(2, 1, 31, 0, '2014-01-19 11:48:14', 0),
(3, 1, 30, 0, '2014-01-19 11:48:50', 1),
(4, 1, 29, 0, '2014-01-19 11:49:06', 1),
(5, 1, 32, 0, '2014-01-19 11:50:00', 1),
(6, 0, 23, 0, '2014-01-19 14:39:28', 1),
(7, 0, 30, 0, '2014-01-19 14:39:28', 1),
(8, 13, 23, 1, '2014-01-19 14:47:30', 1),
(9, 13, 29, 1, '2014-01-19 14:47:31', 1),
(10, 23, 29, 1, '2014-01-19 15:16:54', 1),
(11, 23, 31, 1, '2014-01-19 15:16:54', 1),
(12, 13, 30, 1, '2014-01-23 08:34:07', 1),
(13, 13, 32, 1, '2014-01-23 08:34:07', 0),
(14, 25, 23, 1, '2014-01-23 09:00:41', 1),
(15, 25, 29, 1, '2014-01-23 09:00:41', 1),
(16, 25, 30, 1, '2014-01-23 09:00:41', 1),
(17, 25, 32, 1, '2014-01-23 09:00:41', 1),
(18, 26, 32, 1, '2014-01-23 19:59:04', 1),
(19, 26, 33, 1, '2014-01-23 19:59:04', 1),
(20, 26, 34, 1, '2014-01-23 19:59:04', 1),
(21, 13, 34, 0, '2014-01-25 12:27:06', 0),
(22, 13, 33, 0, '2014-01-25 12:48:11', 0),
(23, 13, 31, 1, '2014-01-25 13:02:55', 1),
(24, 27, 33, 1, '2014-01-26 12:20:53', 1),
(25, 28, 29, 1, '2014-01-28 16:42:30', 0),
(26, 24, 31, 1, '2014-01-28 17:12:37', 1),
(27, 31, 32, 1, '2014-01-29 08:16:11', 1),
(28, 28, 33, 1, '2014-01-29 22:17:45', 1),
(29, 28, 32, 1, '2014-01-30 20:12:03', 1);

-- --------------------------------------------------------

--
-- Struktura tabeli dla tabeli `user`
--

CREATE TABLE IF NOT EXISTS `user` (
  `id` int(11) NOT NULL AUTO_INCREMENT,
  `first_name` varchar(255) NOT NULL,
  `last_name` varchar(255) NOT NULL,
  `email` varchar(255) NOT NULL,
  `password` varchar(255) NOT NULL,
  `status` varchar(255) NOT NULL,
  `active_by_link` int(11) NOT NULL DEFAULT '0',
  `password_hash` varchar(255) NOT NULL DEFAULT '0',
  `czy_admin` tinyint(4) NOT NULL DEFAULT '0',
  `hash` varchar(255) NOT NULL,
  `date_add` timestamp NOT NULL DEFAULT CURRENT_TIMESTAMP,
  PRIMARY KEY (`id`),
  KEY `first_name` (`first_name`),
  KEY `last_name` (`last_name`),
  KEY `email` (`email`)
) ENGINE=InnoDB  DEFAULT CHARSET=utf8 AUTO_INCREMENT=94 ;

--
-- Zrzut danych tabeli `user`
--

INSERT INTO `user` (`id`, `first_name`, `last_name`, `email`, `password`, `status`, `active_by_link`, `password_hash`, `czy_admin`, `hash`, `date_add`) VALUES
(29, 'Mariusz', 'Filipkowski', 'mariusz24245@gmail.com', 'ba8c7ebfdfbc8c46cbfbfdcc11552f0b', '1', 0, '0', 1, '6c38a48b57b187d63cfd3f352ceeefd4', '0000-00-00 00:00:00'),
(31, 'PaweĹ', 'PiÄdziak', 'piedziak.pawel@gmail.com', 'e10adc3949ba59abbe56e057f20f883e', '1', 1, '0', 1, '1022cef58c517a2d27c6cb364db46b49', '0000-00-00 00:00:00'),
(32, 'Krzysztof', 'Dobrowolski', 'krzysiek@barlett.pl', 'f6795a4efdf605bdd52bc99eb2fef1c4', '1', 1, '0', 1, '01e607028e50377bd03dc1b0769a2ffb', '0000-00-00 00:00:00'),
(33, 'Monika', 'SzczÄĹniak', 'zorbamsz@gmail.com', 'd83a6d4d44caf5a1a2aa357efb2b8c1e', '1', 1, '0', 1, '2fc2a03012af4c65466fcff82fbec9c8', '0000-00-00 00:00:00'),
(34, 'Zuzanna', 'Sprycha', 'z.sprycha@gmail.com', '4b6932d56e6e0070d41fdb69769121f4', '1', 1, '0', 0, 'cf53c72ef5a9f6aa0ebf73a527d105f7', '0000-00-00 00:00:00'),
(35, 'Aldona', 'Banasiuk', 'aldona.banasiuk@gmail.com', '460afaa0446a05a21b0c361f5fa2a791', '0', 0, '0', 0, '61d6c7631f9d331f7d10d4ad68e8d105', '0000-00-00 00:00:00'),
(36, 'Agata', 'Bilska', 'aga_swimmer@o2.pl', 'f2b9b69cccb8022c9370f168258787c8', '0', 0, '0', 0, '12132e372958abaec26f6d57bb4b42a8', '0000-00-00 00:00:00'),
(37, 'Elwira', 'Damentka', 'eldawa4@gmail.com', 'c2031f95fb0ed45aa71ac80cad98123a', '0', 0, '0', 0, '0a0da5e8e8e3d670e5217a0533a2be0b', '0000-00-00 00:00:00'),
(38, 'Agnieszka', 'Dankowska', 'aga.d.123@wp.pl', '554da701bdb4f6011cef0863ae4b0967', '0', 0, '0', 0, '123dfe7816e81af8f61c87cdc87b91a4', '0000-00-00 00:00:00'),
(39, 'Julia', 'Dorofiejewa', 'julia.dorofiejewa@gmail.com', 'd24ab7087634c1297aeadeed5d083247', '0', 0, '0', 0, '14c6e03c62881f908998019411614704', '0000-00-00 00:00:00'),
(40, 'Sylwia', 'Dybner', 's.dybner@op.pl', 'a8316257ec580fcbfae7deb520e82eaa', '0', 0, '0', 0, 'cee773ba87ceb87b0ddd2a1676c910b7', '0000-00-00 00:00:00'),
(41, 'Weronika', 'Dziedzic', 'mw76@wp.pl', 'dae4adce0398e28ec2a2c9e7404f7751', '0', 0, '0', 0, '115ec51f340ded059ab74c13fa67ffa4', '0000-00-00 00:00:00'),
(42, 'Agnieszka', 'Dziewisz', 'ajriss@tlen.pl', '935713deb6cf7001f90496886484b746', '1', 1, '0', 0, 'e57fc4c1092abbfcbca3a3a90d3a1b31', '0000-00-00 00:00:00'),
(43, 'Zuzanna', 'Frydrych', 'ilonafrydrych@wp.pl', '2edef888f10245996fdc15d4327d1a79', '0', 0, '0', 0, '1ab02c85cd775ecd7928c7aefe47d810', '0000-00-00 00:00:00'),
(44, 'Magda', 'Szymczykiewicz', 'magmati@interia.pl', '081f9537521e94d9ec11148041247f7f', '0', 0, '0', 0, 'fccb079027775aa1cc3b1a39c15ca892', '0000-00-00 00:00:00'),
(45, 'Agata', 'Gierszewska', 'agata.synchro@wp.pl', '296485ab2ed43388c13d33a4e4e1297c', '0', 0, '0', 0, 'fbdcddee06e5131f7ca61683cec1136c', '0000-00-00 00:00:00'),
(46, 'Zofia', 'Gierszewska', 'zocha.z@interia.pl', '54d6eeeebd6f2c36e558df217356d114', '0', 0, '0', 0, '907d20e1e10d95995690333147c1f536', '0000-00-00 00:00:00'),
(47, 'Hanna', 'Hurkot', 'hania97@buziaczek.pl', '60927014ae0e39e6948d1cf12ca47dba', '0', 0, '0', 0, '79c4e1f0c87f28cbb6c9af0fa4913318', '0000-00-00 00:00:00'),
(48, 'MaĹgorzata', 'JakĂłbowska', 'malgorzata.jakobowska@wp.pl', 'fdd2816ccee8fc69b59bb8dea27ef3c4', '0', 0, '0', 0, '8b95ab43e1d33237e440f689f527ffdd', '0000-00-00 00:00:00'),
(49, 'Janina', 'Janowska', 'dzanix69@wp.pl', '495b17e7b21ed6a1104f777ce0186fd6', '0', 0, '0', 0, '829724d04ed5afdecb938e465537e828', '0000-00-00 00:00:00'),
(50, 'Sandra', 'Kaczmarek', 'sandra.kaczmarek88@gmail.com', 'e5fb4c97fc4944236a174769f48b3587', '0', 0, '0', 0, '56b56f0dc29008147c16686f221ba12a', '0000-00-00 00:00:00'),
(51, 'Edyta', 'Kapitan', 'edycia156@buziaczek.pl', '8e7fb41a47986027fefae01d78477701', '0', 0, '0', 0, 'd4439c5caeaafbcde1224d02ca919616', '0000-00-00 00:00:00'),
(52, 'Maria', 'Kijak-Rakowska', 'mariakijak@wp.pl', '7f3684e8564b3fd524352986cd0d05f7', '0', 0, '0', 0, 'be15bf201cda9dedb92af0d8d5d7379b', '0000-00-00 00:00:00'),
(53, 'Roberta', 'Klecz', 'roberta_klecz@wp.pl', 'b36d4e924ae944012b83fe4cbebe65b4', '0', 0, '0', 0, 'db623f14eb14a5dace0111f7464080e5', '0000-00-00 00:00:00'),
(54, 'Natalia', 'KociÄcka', 'dag.13@op.pl', '53b6d0b00be7b9036703c61b7325f5f7', '0', 0, '0', 0, 'ed7cb4d5522868f49234c4ffcbc997bd', '0000-00-00 00:00:00'),
(55, 'Eliza', 'Kulczycka', 'eliza.kulczycka@gmail.com', '6d8e494480c14a05a13b1e5a812da456', '1', 1, '0', 0, '3d5588150b3ce02f7d9cecb3537ebc90', '0000-00-00 00:00:00'),
(56, 'Agata', 'Majchrzak', 'zulla7@hotmail.com', '93557d4547f1f84257b98778676dde04', '0', 0, '0', 0, '093b0207ab5c957a452090eccaeac836', '0000-00-00 00:00:00'),
(57, 'Dominika', 'MarszaĹek', 'wiejlo@wp.pl', '229da8c3f73afcc953da2ee214902eb9', '0', 0, '0', 0, '489b0cfa738789b61a6e4f72fcb7ba66', '0000-00-00 00:00:00'),
(58, 'Anna', 'Matczak', 'aniula1990@interia.pl', '0ab2a8b814499aa848450470476675ca', '0', 0, '0', 0, 'e0c7012d0763fd8246c6c505377aacc0', '0000-00-00 00:00:00'),
(59, 'Arkadiusz', 'Matuszczak', 'arekmagda299@wp.pl', 'ecb5db56f590083b5be980e61c48a236', '0', 0, '0', 0, 'c4c8aac99b970a37a831b0886cfd5c31', '0000-00-00 00:00:00'),
(60, 'Katarzyna', 'Matuszczak-BiliĹska', 'kaska_mb@op.pl', '1915a654cf95581d453a1cc69105188c', '0', 0, '0', 0, '6a820bb6ebe77c26899504dbe0ea9546', '0000-00-00 00:00:00'),
(61, 'Barbara', 'Mendyka', 'mendyka.b@gmail.com', '4e313649f6583429630c0a3a8bdb3c80', '0', 0, '0', 0, 'd90bf0d1591a60e8628862e731874f3c', '0000-00-00 00:00:00'),
(62, 'Ryszard', 'Michalczyk', 'rysiom057@gmail.com', 'c2e1bd5da27e00251c550668eba0b195', '1', 1, '0', 0, '0144b6d074e04c5f7a28e4fc553749b0', '0000-00-00 00:00:00'),
(63, 'Magda', 'MĹynarczyk', 'magmlynarczyk@gmail.com', '3a44e35f3f7c1fbbd9478715465b33ac', '0', 0, '0', 0, 'f23db588a3454f45d063b89b92959a0f', '0000-00-00 00:00:00'),
(64, 'Izabela', 'Puszcz', 'iza.ruda@wp.pl', 'c2db673f7ff3cda14eb25e40aa12fbd0', '0', 0, '0', 0, '1b3e4e9f56ab7bfb6925eb5d8fe285c3', '0000-00-00 00:00:00'),
(65, 'Urszula', 'Puszcz', 'ula.puszcz@wp.pl', '5a1c020026028444f2f4640bb576ff23', '0', 0, '0', 0, 'a4e651021fe53b06db6c892ac597b022', '0000-00-00 00:00:00'),
(66, 'Monika', 'Rybarczyk', 'flamingo-synchro@wp.pl', '92fd37fa92e6388c2d129bd67c42d58f', '0', 0, '0', 0, '6b96f66bd309ccd0934c3ba75c76d7c1', '0000-00-00 00:00:00'),
(67, 'Karolina', 'SkowroĹska', 'karolasynchro@wp.pl', 'c4262c303b910e6c5fe87b69ada41adb', '0', 0, '0', 0, 'f0cd6bef8f25d1f15e553f2ac38bd307', '0000-00-00 00:00:00'),
(68, 'Katarzyna', 'Sobotnicka', 'k.sobotnicka@gmail.com', '93f973dde56d99b848380dd5df15b2a6', '1', 1, '0', 0, '990b74bd61e690b1874053baa1524a49', '0000-00-00 00:00:00'),
(69, 'Krzysztofa', 'ĹwiÄcicka', 'krzysiaswiecicka@wp.pl', '832f96b0292b6a2d064185b22e5eeaf3', '0', 0, '0', 0, '2c47ee7c8538d05c0a8658c1465aaa4f', '0000-00-00 00:00:00'),
(70, 'Agnieszka', 'WaleĹska', 'agnieszka.walenska@gmail.com', '89e6a72970e3fd634d1cb9cf9a83f594', '1', 1, '0', 0, '0dfaf0bcb73aa95600ddc2cd3a353460', '0000-00-00 00:00:00'),
(71, 'Dorota', 'Wojciechowska', 'dorota.wojciechowska@onet.pl', 'e955c186a7261fa370ba0387ff2e9714', '0', 0, '0', 0, 'fa2b3517d541916281c28942b0cc2a9c', '0000-00-00 00:00:00'),
(72, 'Eliza', 'ZieliĹska', 'zielinska.eliza@gmail.com', '600b4a922de726b8974e8e543106a329', '0', 0, '0', 0, '384af33d19d8373d3f2b8d83fb4ca09f', '0000-00-00 00:00:00'),
(73, 'Martyna', 'ZieliĹska', 'chmartyna@poczta.onet.pl', '3d1492582259718ad506d521f66c9904', '0', 0, '0', 0, '51866214bd39548eda484ac4177a407c', '0000-00-00 00:00:00'),
(74, 'Zuzanna', 'Adamiec', 'zuzaadamiec@gmail.com', 'ce93319329f285cb60cee83cf82c62c9', '0', 0, '0', 0, 'd5facf3dd3574f621b9cc7895f0caef9', '0000-00-00 00:00:00'),
(75, 'Evelina', 'Hackievich', 'ekhatskevich0@gmail.com', '954e237dcffea65dc78154ce3a7ada00', '1', 1, '0', 0, '285bbc100296c5f82a647ef541816151', '0000-00-00 00:00:00'),
(76, 'Karolina', 'Dubiel-Wuchowicz', 'karolajn@juvenia.pl', 'ae7643f0f785763ad4d4a72bf3b38c79', '0', 0, '0', 0, '2bc3807b55da1186df17b9e6a38766e3', '0000-00-00 00:00:00'),
(77, 'Zofia', 'Kalbarczyk', 'zosiaka@wp.pl', '278d1f41dde7e1906338d98d965c12b9', '0', 0, '0', 0, 'f64e74ccb7ea7186ce31856e053df0a9', '0000-00-00 00:00:00'),
(78, 'Anna', 'ĹuÄ', 'anna.luc@vp.pl', '76895daa52465e4c7c13abe07df5934e', '0', 0, '0', 0, '283775428854663c5de9b2d7f265f63f', '0000-00-00 00:00:00'),
(79, 'MaĹgorzata', 'Misiarz', 'gmisiarz@juvenia.pl', '7c142f264b919cd6a226520e55bdbd84', '0', 0, '0', 0, 'cc190df1b032ac3e6c503f367a94152e', '0000-00-00 00:00:00'),
(80, 'Ewa', 'Piekarska', 'ewcia.p@vp.pl', 'df07397a2f721d655d1fc42fe74cc84f', '0', 0, '0', 0, 'c57089de526b9e64513e9779fa850422', '0000-00-00 00:00:00'),
(81, 'Agnieszka', 'Wiatrowska', 'synchrogirl@op.pl', '620248ea414b226e501274e014cd08fb', '0', 0, '0', 0, 'f5f5a22e2aaed35cafe58b8382fb465f', '0000-00-00 00:00:00'),
(82, 'Anna', 'Zawada', 'annazawada91@gmail.com', 'd707e3716547ccf7bd9b93ad85b25ee9', '0', 0, '0', 0, 'f91d4ed89e329d46600304838a582031', '0000-00-00 00:00:00'),
(83, 'Katarzyna', 'Czumakow', 'czuuuuuu@wp.pl', '55bd7b1a7d6b5a029772edcb3d7d741f', '0', 0, '0', 0, '261e19c9f3ea2a685240a68c5ffddaf4', '0000-00-00 00:00:00'),
(84, 'Eleni', 'Filipiuk-Adamos', 'elenifilipiukadamos@gmail.com', 'fad6037d8ee530dc59c18bd03703befa', '0', 0, '0', 0, '1e1dfc7a2a957ae9d07a663d43e729fe', '0000-00-00 00:00:00'),
(85, 'MaĹgorzata', 'Habiera', 'habiera94@poczta.onet.pl', '6f895f35b6c71e829d9457c04cd8e83a', '0', 0, '0', 0, '18195a9912df0294653cd1d00137be14', '0000-00-00 00:00:00'),
(86, 'ElĹźbieta', 'Klimaszyk', 'synchro1@synchro.poznan.pl', 'b284667f7ada7e1b683769baf5297c99', '0', 0, '0', 0, '33a5b6c93d72823d2443f5c754d9cad5', '0000-00-00 00:00:00'),
(87, 'BoĹźena', 'Niewitecka', 'synchro.pl@wp.pl', '74f35f5a74d35acc35384c09fd8da1ef', '1', 1, '0', 0, '881b68a814093a55d9538c3b6ff4e7fb', '0000-00-00 00:00:00'),
(88, 'Adrianna', 'BarczyĹska', 'barczynska.adrianna@gmail.com', '36edcf487950c7960ded469017e35a7d', '0', 0, '0', 0, 'ccef51cda191f7e31aa047e84f9a3543', '0000-00-00 00:00:00'),
(89, 'Adrianna', 'GĂłrska', 'sztada@wp.pl', '0f4fc3f5e4f7a2b1733a535684ff9fb7', '0', 0, '0', 0, 'eab48ba9552e6a004263941f8eecde62', '0000-00-00 00:00:00'),
(90, 'ElĹźbieta', 'KwaĹniewska', 'ela.kwassynchro@op.pl', 'fb9537cf4f1170d8ede1f7c8755a2d60', '0', 0, '0', 0, 'f95b1c26273ba12227bf0e827c21db90', '0000-00-00 00:00:00'),
(91, 'Beata', 'Nawrot', 'beatanawrot1@wp.pl', 'd7505f05edf1dfadf5c67b522149e47a', '0', 0, '0', 0, 'e70ebade51a01344c5c867c83426472b', '0000-00-00 00:00:00'),
(92, 'Alena', 'Vazhnik', 'vazhnikalena@mail.ru', 'f75a1107fa4890248b726149aaf04368', '0', 0, '0', 0, '151e0a14d8dea7d7c7028f860a46aa1c', '0000-00-00 00:00:00'),
(93, 'Krzysiek Test', 'Testowy', 'kdobro1978@gmail.com', 'bae56bb3ce67b4e0ba6fb8ff33337656', '1', 1, '0', 0, '3032132437c82893561379a3d360c1e4', '0000-00-00 00:00:00');

/*!40101 SET CHARACTER_SET_CLIENT=@OLD_CHARACTER_SET_CLIENT */;
/*!40101 SET CHARACTER_SET_RESULTS=@OLD_CHARACTER_SET_RESULTS */;
/*!40101 SET COLLATION_CONNECTION=@OLD_COLLATION_CONNECTION */;
